seed,method,r2,rmse,mae,best_epoch,best_val_loss,source,directed_edge_count,unique_undirected_edge_count,isolated_nodes,mean_degree
42,RF,0.3723936793254813,0.7753404533704843,0.5991766499181003,0,0.0,new,,,,
42,MLP,0.375812828540802,0.7732255818741579,0.5925970673561096,280,0.6584569811820984,new,,,,
42,XGBoost,0.36568452885122604,0.7794736554433929,0.5956718236889386,0,0.0,new,,,,
123,RF,0.3549007384846571,0.829650554700347,0.6393037121640927,0,0.0,new,,,,
123,MLP,0.38615643978118896,0.8093022729903722,0.6206039786338806,190,0.6304295659065247,new,,,,
123,XGBoost,0.3512274818810519,0.8320092564159218,0.6357324072059714,0,0.0,new,,,,
2025,RF,0.3520736903344778,0.8003346661970616,0.6101828533692123,0,0.0,new,,,,
2025,MLP,0.3610435724258423,0.7947754221231448,0.6042510867118835,220,0.6256335377693176,new,,,,
2025,XGBoost,0.3363658824457756,0.8099779076052975,0.6124175480708516,0,0.0,new,,,,
7,RF,0.37549222873999677,0.7801499093642615,0.6106585079860628,0,0.0,new,,,,
7,MLP,0.39131414890289307,0.7702039692467634,0.6024841666221619,300,0.5743810534477234,new,,,,
7,XGBoost,0.3672636273823745,0.785272771622212,0.6117610896642264,0,0.0,new,,,,
13,RF,0.3838503641943688,0.8126139100308999,0.6114323127785619,0,0.0,new,,,,
13,MLP,0.4025489091873169,0.8001885430364135,0.6039604544639587,300,0.6266096234321594,new,,,,
13,XGBoost,0.3859943061724582,0.811198900475301,0.6070641647973382,0,0.0,new,,,,
37,RF,0.3759109068279095,0.7868415435509563,0.6018557961644633,0,0.0,new,,,,
37,MLP,0.3991853594779968,0.7720301375683148,0.5906951427459717,160,0.5963432788848877,new,,,,
37,XGBoost,0.3888319544335912,0.7786536164397873,0.588787469432171,0,0.0,new,,,,
61,RF,0.3894443530821369,0.8089831581362774,0.615120423047505,0,0.0,new,,,,
61,MLP,0.3870500326156616,0.8105678325839162,0.6120883822441101,160,0.5929737687110901,new,,,,
61,XGBoost,0.3685514006067607,0.8227082574617361,0.6169035284655724,0,0.0,new,,,,
73,RF,0.3576824937680023,0.7907541220982065,0.6137232652718142,0,0.0,new,,,,
73,MLP,0.3709672689437866,0.7825340019248676,0.6043741703033447,300,0.5961033701896667,new,,,,
73,XGBoost,0.3345171612071953,0.8048871897454652,0.614506753852157,0,0.0,new,,,,
97,RF,0.30838474442706243,0.8072264981214188,0.62081931617442,0,0.0,new,,,,
97,MLP,0.3293188214302063,0.7949159139273766,0.6069759726524353,270,0.5950201153755188,new,,,,
97,XGBoost,0.29290564944705677,0.8162098118059293,0.6241946242048597,0,0.0,new,,,,
101,RF,0.3701043822175972,0.7749238326703926,0.5953217024895536,0,0.0,new,,,,
101,MLP,0.377604603767395,0.7702964812000164,0.5946993827819824,200,0.7023701667785645,new,,,,
101,XGBoost,0.3324583473140108,0.7977446661163428,0.6115112146787741,0,0.0,new,,,,
42,Geo_kNN,0.3625390529632568,0.7814039078745822,0.6060587167739868,290,0.6900667548179626,reference,132760.0,38060.0,0.0,10.0
42,EGSG_250m,0.4016541838645935,0.7570506326656521,0.579444408416748,300,0.6289247274398804,reference,121396.0,35274.0,6.0,9.144019282916542
123,Geo_kNN,0.3688481450080871,0.8206327630610629,0.6319006681442261,300,0.6756137013435364,reference,132760.0,38060.0,0.0,10.0
123,EGSG_250m,0.4249026775360107,0.7833441324368896,0.6037823557853699,290,0.6051482558250427,reference,121396.0,35274.0,6.0,9.144019282916542
2025,Geo_kNN,0.3558051586151123,0.7980267298578965,0.621690571308136,300,0.6366351246833801,reference,132760.0,38060.0,0.0,10.0
2025,EGSG_250m,0.3824800252914428,0.7813296849620752,0.5988702178001404,300,0.5935763716697693,reference,121396.0,35274.0,6.0,9.144019282916542
7,Geo_kNN,0.3654937148094177,0.7863703209006064,0.617466926574707,300,0.6017296314239502,reference,132760.0,38060.0,0.0,10.0
7,EGSG_250m,0.4308396577835083,0.7447773769759578,0.5792019367218018,300,0.5490741729736328,reference,121396.0,35274.0,6.0,9.144019282916542
13,Geo_kNN,0.3740953207015991,0.8190213896598036,0.6319544911384583,280,0.6551492214202881,reference,132760.0,38060.0,0.0,10.0
13,EGSG_250m,0.4304006695747375,0.7813145038678824,0.5945485830307007,300,0.6124577522277832,reference,121396.0,35274.0,6.0,9.144019282916542
37,Geo_kNN,0.3765117526054382,0.7864627122230813,0.6097017526626587,300,0.6365112066268921,reference,132760.0,38060.0,0.0,10.0
37,EGSG_250m,0.4147648811340332,0.76195475516824,0.5825175046920776,300,0.5627282857894897,reference,121396.0,35274.0,6.0,9.144019282916542
61,Geo_kNN,0.3890199661254883,0.8092642321697715,0.6260742545127869,270,0.5889058709144592,reference,132760.0,38060.0,0.0,10.0
61,EGSG_250m,0.4379078149795532,0.7762124729146107,0.5856375694274902,290,0.5572488903999329,reference,121396.0,35274.0,6.0,9.144019282916542
73,Geo_kNN,0.34848153591156,0.796397645876522,0.6226475834846497,300,0.6269682049751282,reference,132760.0,38060.0,0.0,10.0
73,EGSG_250m,0.3868342041969299,0.7726015139054159,0.5939780473709106,290,0.5757215619087219,reference,121396.0,35274.0,6.0,9.144019282916542
97,Geo_kNN,0.3204752802848816,0.8001395655127039,0.6159917712211609,270,0.6090226769447327,reference,132760.0,38060.0,0.0,10.0
97,EGSG_250m,0.3713071346282959,0.7696306967983707,0.5883113741874695,300,0.5543690919876099,reference,121396.0,35274.0,6.0,9.144019282916542
101,Geo_kNN,0.3553810119628906,0.7839281716797266,0.6104118227958679,290,0.6863886117935181,reference,132760.0,38060.0,0.0,10.0
101,EGSG_250m,0.4155498147010803,0.7464461368207089,0.5764831304550171,300,0.6709200143814087,reference,121396.0,35274.0,6.0,9.144019282916542
