comparison,metric,method_a,method_b,method_a_mean,method_a_std,method_b_mean,method_b_std,mean_diff,std_diff,paired_t_pvalue,wilcoxon_pvalue,paired_cohens_d
EGSG_250m vs XGBoost,r2,EGSG_250m,XGBoost,0.40966410636901857,0.023008656489868964,0.35238003397415013,0.029115947328065106,0.057284072394868435,0.019201963666929906,5.799723893048426e-06,0.001953125,2.983240328358941
EGSG_250m vs XGBoost,rmse,EGSG_250m,XGBoost,0.7674661906515803,0.014294987747389649,0.8038136033131386,0.01827388873031336,-0.036347412661558276,0.012007612654297513,5.142203988527196e-06,0.001953125,-3.027030743579954
EGSG_250m vs XGBoost,mae,EGSG_250m,XGBoost,0.5882775127887726,0.009213959105356783,0.6118550624060861,0.013217488710459321,-0.02357754961731351,0.01094567126909135,7.801807527528316e-05,0.001953125,-2.1540524137512054
EGSG_250m vs RF,r2,EGSG_250m,RF,0.40966410636901857,0.023008656489868964,0.36402375814016896,0.02304851341428284,0.0456403482288496,0.014195163386856743,3.115977474201121e-06,0.001953125,3.2152041498238604
EGSG_250m vs RF,rmse,EGSG_250m,RF,0.7674661906515803,0.014294987747389649,0.7966818648240306,0.01810697243534336,-0.0292156741724503,0.009324489645515365,3.86381843326202e-06,0.001953125,-3.1332196488095843
EGSG_250m vs RF,mae,EGSG_250m,RF,0.5882775127887726,0.009213959105356783,0.6117594539363786,0.012411167788813217,-0.023481941147606045,0.008058152087642906,7.035286232129941e-06,0.001953125,-2.9140603071534654
EGSG_250m vs MLP,r2,EGSG_250m,MLP,0.40966410636901857,0.023008656489868964,0.37810019850730897,0.021314684840506443,0.031563907861709595,0.011961068072253556,1.5774354926591442e-05,0.001953125,2.6388870685327266
EGSG_250m vs MLP,rmse,EGSG_250m,MLP,0.7674661906515803,0.014294987747389649,0.7878040156475343,0.016118715676880814,-0.020337824995954046,0.007967650588622269,2.0606895466648486e-05,0.001953125,-2.5525498099773887
EGSG_250m vs MLP,mae,EGSG_250m,MLP,0.5882775127887726,0.009213959105356783,0.6032729804515838,0.009072147947857191,-0.014995467662811235,0.006845241258210767,6.854430797697975e-05,0.001953125,-2.1906412202527465
EGSG_250m vs Geo_kNN,r2,EGSG_250m,Geo_kNN,0.40966410636901857,0.023008656489868964,0.3616650938987732,0.018662132447759754,0.04799901247024535,0.012080278692572456,5.19915882709043e-07,0.001953125,3.9733365174561324
EGSG_250m vs Geo_kNN,rmse,EGSG_250m,Geo_kNN,0.7674661906515803,0.014294987747389649,0.7981647438815758,0.014258344040655459,-0.030698553229995484,0.008062908662006625,7.484690451362513e-07,0.001953125,-3.807379509909441
EGSG_250m vs Geo_kNN,mae,EGSG_250m,Geo_kNN,0.5882775127887726,0.009213959105356783,0.6193898558616638,0.00908237656571756,-0.031112343072891235,0.00593271168769462,4.704700823090011e-08,0.001953125,-5.244202771124567
XGBoost vs RF,r2,XGBoost,RF,0.35238003397415013,0.029115947328065106,0.36402375814016896,0.02304851341428284,-0.011643724166018832,0.014215452774188855,0.02920448791689212,0.02734375,-0.8190892229025957
XGBoost vs RF,rmse,XGBoost,RF,0.8038136033131386,0.01827388873031336,0.7966818648240306,0.01810697243534336,0.007131738489107975,0.008768139520875318,0.030083945338661815,0.02734375,0.8133696404041767
XGBoost vs RF,mae,XGBoost,RF,0.6118550624060861,0.013217488710459321,0.6117594539363786,0.012411167788813217,9.56084697074644e-05,0.007440910725717157,0.968476218359273,0.845703125,0.01284902792570532
XGBoost vs MLP,r2,XGBoost,MLP,0.35238003397415013,0.029115947328065106,0.37810019850730897,0.021314684840506443,-0.02572016453315884,0.012068890538428387,8.468211335009938e-05,0.001953125,-2.131112586634507
XGBoost vs MLP,rmse,XGBoost,MLP,0.8038136033131386,0.01827388873031336,0.7878040156475343,0.016118715676880814,0.01600958766560423,0.007216856999540589,6.220468219165287e-05,0.001953125,2.2183601069861028
XGBoost vs MLP,mae,XGBoost,MLP,0.6118550624060861,0.013217488710459321,0.6032729804515838,0.009072147947857191,0.008582081954502274,0.006436021320214842,0.0022503191518864056,0.00390625,1.3334452338662675
