seed,method,r2,rmse,mae,best_epoch,best_val_loss,source
42,RF,0.3723936793254813,0.7753404533704843,0.5991766499181003,0,0.0,new
42,MLP,0.375812828540802,0.7732255818741579,0.5925970673561096,280,0.6584569811820984,new
42,XGBoost,0.36568452885122604,0.7794736554433929,0.5956718236889386,0,0.0,new
123,RF,0.3549007384846571,0.829650554700347,0.6393037121640927,0,0.0,new
123,MLP,0.38615643978118896,0.8093022729903722,0.6206039786338806,190,0.6304295659065247,new
123,XGBoost,0.3512274818810519,0.8320092564159218,0.6357324072059714,0,0.0,new
2025,RF,0.3520736903344778,0.8003346661970616,0.6101828533692123,0,0.0,new
2025,MLP,0.3610435724258423,0.7947754221231448,0.6042510867118835,220,0.6256335377693176,new
2025,XGBoost,0.3363658824457756,0.8099779076052975,0.6124175480708516,0,0.0,new
7,RF,0.37549222873999677,0.7801499093642615,0.6106585079860628,0,0.0,new
7,MLP,0.39131414890289307,0.7702039692467634,0.6024841666221619,300,0.5743810534477234,new
7,XGBoost,0.3672636273823745,0.785272771622212,0.6117610896642264,0,0.0,new
13,RF,0.3838503641943688,0.8126139100308999,0.6114323127785619,0,0.0,new
13,MLP,0.4025489091873169,0.8001885430364135,0.6039604544639587,300,0.6266096234321594,new
13,XGBoost,0.3859943061724582,0.811198900475301,0.6070641647973382,0,0.0,new
37,RF,0.3759109068279095,0.7868415435509563,0.6018557961644633,0,0.0,new
37,MLP,0.3991853594779968,0.7720301375683148,0.5906951427459717,160,0.5963432788848877,new
37,XGBoost,0.3888319544335912,0.7786536164397873,0.588787469432171,0,0.0,new
61,RF,0.3894443530821369,0.8089831581362774,0.615120423047505,0,0.0,new
61,MLP,0.3870500326156616,0.8105678325839162,0.6120883822441101,160,0.5929737687110901,new
61,XGBoost,0.3685514006067607,0.8227082574617361,0.6169035284655724,0,0.0,new
73,RF,0.3576824937680023,0.7907541220982065,0.6137232652718142,0,0.0,new
73,MLP,0.3709672689437866,0.7825340019248676,0.6043741703033447,300,0.5961033701896667,new
73,XGBoost,0.3345171612071953,0.8048871897454652,0.614506753852157,0,0.0,new
97,RF,0.30838474442706243,0.8072264981214188,0.62081931617442,0,0.0,new
97,MLP,0.3293188214302063,0.7949159139273766,0.6069759726524353,270,0.5950201153755188,new
97,XGBoost,0.29290564944705677,0.8162098118059293,0.6241946242048597,0,0.0,new
101,RF,0.3701043822175972,0.7749238326703926,0.5953217024895536,0,0.0,new
101,MLP,0.377604603767395,0.7702964812000164,0.5946993827819824,200,0.7023701667785645,new
101,XGBoost,0.3324583473140108,0.7977446661163428,0.6115112146787741,0,0.0,new
