split,method,r2_mean,r2_std,rmse_mean,mae_mean,best_epoch_mean,degradation_vs_random
random,RF,0.364023758140169,0.02304851341428284,0.7966818648240306,0.6117594539363786,,0.0
random,MLP,0.37810019850730897,0.021314684840506443,0.7878040156475343,0.6032729804515838,238.0,0.0
random,Geo-GCN,0.3617851912975311,0.018647660707082712,0.798088464110105,0.6194682121276855,287.0,0.0
random,EGSG-GCN,0.4094598054885864,0.022965986521924737,0.7675994445891965,0.5883857071399688,295.0,0.0
buffer_30km,RF,-0.15943963615125992,0.02589697949142663,0.7012432482089745,0.5819975927674421,,0.523463394291429
buffer_30km,MLP,-0.0796280026435852,0.01707553459840222,0.6766890260070493,0.5421679615974426,234.0,0.4577282011508942
buffer_30km,Geo-GCN,-0.1366938829421997,0.07503733111634434,0.6940516757794793,0.5706416189670562,263.0,0.4984790742397308
buffer_30km,EGSG-GCN,-0.1905838131904602,0.0336782006778342,0.7105852228820647,0.569834727048874,294.0,0.6000436186790465
buffer_50km,RF,-0.18460493925740207,0.034746019445946665,0.7275201731976717,0.6047579201065038,,0.5486286973975711
buffer_50km,MLP,-0.08277467489242554,0.020257433687376657,0.6955751112178991,0.5602716863155365,219.0,0.46087487339973454
buffer_50km,Geo-GCN,-0.14026468992233276,0.06162909568353845,0.713603036177913,0.5888639628887177,247.0,0.5020498812198639
buffer_50km,EGSG-GCN,-0.2231987714767456,0.05952957652369625,0.7391656944430223,0.5902598559856415,297.0,0.632658576965332
elev_high,RF,-0.3577600064288466,0.08634700818495208,0.7741743654059787,0.6668872718983987,,0.7217837645690156
elev_high,MLP,-0.08973138332366944,0.026584395613917115,0.6938371189548457,0.5307607471942901,208.0,0.4678315818309784
elev_high,Geo-GCN,-0.44856383800506594,0.2126622324372612,0.7980521172723497,0.5566423654556274,273.0,0.810349029302597
elev_high,EGSG-GCN,-0.5169574737548828,0.3878584586774161,0.8132909672858684,0.5873756527900695,293.0,0.9264172792434692
