seed,subset,method,n_samples,r2,rmse,mae,best_epoch,uses_ch,uses_gedi
42,tch_valid,RF_noCH,3686,0.21903642227480336,0.9262797623535514,0.7110972530351786,0,False,False
123,tch_valid,RF_noCH,3686,0.21853544791419977,0.8462411406866828,0.6652046704324651,0,False,False
2025,tch_valid,RF_noCH,3686,0.22266142182743864,0.8557708503865479,0.663000071003469,0,False,False
7,tch_valid,RF_noCH,3686,0.2659721580387425,0.8660438668861226,0.681952447577158,0,False,False
13,tch_valid,RF_noCH,3686,0.2604476998745585,0.8609387887798423,0.6716387357827179,0,False,False
42,tch_valid,RF_CH,3686,0.23451646143670069,0.9170535861180842,0.7055680632657837,0,True,False
123,tch_valid,RF_CH,3686,0.23120285106326777,0.8393544083463915,0.6516105815689083,0,True,False
2025,tch_valid,RF_CH,3686,0.2164666432074288,0.8591739948914615,0.6648199601792075,0,True,False
7,tch_valid,RF_CH,3686,0.2864329234730908,0.8538882270471023,0.6718134785385753,0,True,False
13,tch_valid,RF_CH,3686,0.2637594866120153,0.859008942258086,0.6621107470472931,0,True,False
42,tch_valid,MLP_noCH,3686,0.21185272932052612,0.9305302302550346,0.7204666137695312,130,False,False
123,tch_valid,MLP_noCH,3686,0.22352397441864014,0.8435357846197646,0.660568118095398,140,False,False
2025,tch_valid,MLP_noCH,3686,0.20591115951538086,0.8649418941452065,0.6697445511817932,280,False,False
7,tch_valid,MLP_noCH,3686,0.27934736013412476,0.8581172408762396,0.6770505905151367,250,False,False
13,tch_valid,MLP_noCH,3686,0.2671399712562561,0.8570345479507072,0.6609717607498169,100,False,False
42,tch_valid,MLP_CH,3686,0.2522539496421814,0.9063665380854944,0.6967675685882568,150,True,False
123,tch_valid,MLP_CH,3686,0.2633458375930786,0.8216205884872204,0.6442214846611023,170,True,False
2025,tch_valid,MLP_CH,3686,0.23264425992965698,0.850258064364129,0.6612439751625061,190,True,False
7,tch_valid,MLP_CH,3686,0.3056003451347351,0.8423418728073904,0.6597607731819153,120,True,False
13,tch_valid,MLP_CH,3686,0.27416133880615234,0.8529191366127924,0.6546899676322937,120,True,False
42,tch_valid,Geo_kNN_noCH,3686,0.27533406019210815,0.8922688221654985,0.6878402233123779,270,False,False
123,tch_valid,Geo_kNN_noCH,3686,0.29417651891708374,0.8042434652416967,0.6319759488105774,180,False,False
2025,tch_valid,Geo_kNN_noCH,3686,0.2381209135055542,0.8472184839496235,0.6564418077468872,220,False,False
7,tch_valid,Geo_kNN_noCH,3686,0.3042232394218445,0.8431766822759478,0.6586238741874695,290,False,False
13,tch_valid,Geo_kNN_noCH,3686,0.3021125793457031,0.8363354528926579,0.6590713858604431,280,False,False
42,tch_valid,EGSG_noCH,3686,0.33381539583206177,0.8555080108691119,0.6620530486106873,290,False,False
123,tch_valid,EGSG_noCH,3686,0.2971765995025635,0.8025324212414768,0.6246611475944519,290,False,False
2025,tch_valid,EGSG_noCH,3686,0.2569500803947449,0.836683813624825,0.6488528251647949,280,False,False
7,tch_valid,EGSG_noCH,3686,0.34224170446395874,0.8198167665380288,0.6433327794075012,300,False,False
13,tch_valid,EGSG_noCH,3686,0.33479195833206177,0.8165195149240467,0.6379075050354004,300,False,False
42,tch_valid,EGSG_CH,3686,0.3301425576210022,0.8578630845905592,0.6620702743530273,250,True,False
123,tch_valid,EGSG_CH,3686,0.2711701989173889,0.8172455265603054,0.6318429112434387,130,True,False
2025,tch_valid,EGSG_CH,3686,0.24861633777618408,0.8413627195299417,0.6455622911453247,290,True,False
7,tch_valid,EGSG_CH,3686,0.34890216588974,0.8156554863154019,0.6398295760154724,270,True,False
13,tch_valid,EGSG_CH,3686,0.33436119556427,0.8167838359651277,0.6364400386810303,290,True,False
42,tch_valid,EGSG_CH_3x3,3686,0.3299662470817566,0.8579759827633573,0.6622068881988525,260,True,False
123,tch_valid,EGSG_CH_3x3,3686,0.27047187089920044,0.8176369403036652,0.6314398646354675,120,True,False
2025,tch_valid,EGSG_CH_3x3,3686,0.2473418116569519,0.8420759831415568,0.6445587873458862,290,True,False
7,tch_valid,EGSG_CH_3x3,3686,0.34477078914642334,0.8182391531318867,0.6431281566619873,270,True,False
13,tch_valid,EGSG_CH_3x3,3686,0.3348488211631775,0.8164846209276665,0.636410117149353,290,True,False
42,gedi_valid,EGSG_noCH_GEDI_sub,3948,0.3719673156738281,0.7766237230939697,0.6026718020439148,240,False,False
123,gedi_valid,EGSG_noCH_GEDI_sub,3948,0.35479503870010376,0.8147042891188487,0.6288469433784485,290,False,False
2025,gedi_valid,EGSG_noCH_GEDI_sub,3948,0.3629910945892334,0.8005112355603523,0.6159311532974243,200,False,False
7,gedi_valid,EGSG_noCH_GEDI_sub,3948,0.4024660587310791,0.7521589121439592,0.5756416320800781,150,False,False
13,gedi_valid,EGSG_noCH_GEDI_sub,3948,0.4284800887107849,0.788240363248747,0.6026875376701355,300,False,False
42,gedi_valid,EGSG_GEDI,3948,0.38900625705718994,0.766016140110401,0.5931989550590515,100,False,True
123,gedi_valid,EGSG_GEDI,3948,0.34285563230514526,0.822207741047805,0.6313338875770569,290,False,True
2025,gedi_valid,EGSG_GEDI,3948,0.38197439908981323,0.7884931115168254,0.6057956218719482,180,False,True
7,gedi_valid,EGSG_GEDI,3948,0.42403775453567505,0.7384572298737302,0.566916286945343,200,False,True
13,gedi_valid,EGSG_GEDI,3948,0.44860756397247314,0.7742360164129688,0.5937952995300293,300,False,True
42,gedi_valid,EGSG_CH_GEDI,2023,0.29447585344314575,0.8547700441101721,0.6678079962730408,120,True,True
123,gedi_valid,EGSG_CH_GEDI,2023,0.32006019353866577,0.8444819983872529,0.6657386422157288,90,True,True
2025,gedi_valid,EGSG_CH_GEDI,2023,0.29256975650787354,0.8713985987384308,0.6696387529373169,100,True,True
7,gedi_valid,EGSG_CH_GEDI,2023,0.29297351837158203,0.8825590056666333,0.6917781829833984,240,True,True
13,gedi_valid,EGSG_CH_GEDI,2023,0.21401196718215942,0.8829445191641242,0.6801458597183228,130,True,True
