seed,method,r2,rmse,mae,source,best_val_r2
42,LightGBM_fixed,0.3427396546653303,0.7934462370476744,0.6069038272058883,new,
42,LightGBM_tuned,0.35980336223200027,0.783078831251735,0.5991592839203602,new,0.332747073446516
123,LightGBM_fixed,0.34328063736807557,0.8370894069038165,0.6422825535863622,new,
123,LightGBM_tuned,0.3535404227090211,0.8305248328704481,0.6373796814257849,new,0.3803228631480571
2025,LightGBM_fixed,0.3311643738777519,0.8131459814094517,0.6059470250332493,new,
2025,LightGBM_tuned,0.349485832805029,0.8019313663955681,0.6010602673456179,new,0.3303056482102572
7,LightGBM_fixed,0.37483058133092195,0.780563072772232,0.6046820645359976,new,
7,LightGBM_tuned,0.3824831445540092,0.7757710113576144,0.6020359662222878,new,0.4017255743995851
13,LightGBM_fixed,0.37067044896823087,0.821259141295085,0.6149239422977084,new,
13,LightGBM_tuned,0.3814931437000221,0.814166845789304,0.6084057352606351,new,0.34099788700234
37,LightGBM_fixed,0.3865709317613084,0.7800926054394712,0.5915142473623186,new,
37,LightGBM_tuned,0.40600875663041014,0.7676336542517194,0.581757615556249,new,0.37957945839075247
61,LightGBM_fixed,0.3640698679882026,0.8256225684214037,0.6234235755372081,new,
61,LightGBM_tuned,0.3856277198659749,0.8115077288559781,0.6130378656845894,new,0.3717849310479504
73,LightGBM_fixed,0.32700764503371627,0.809415749365544,0.6227700253755557,new,
73,LightGBM_tuned,0.34161115320366164,0.8005856801763713,0.6147300516730982,new,0.3965157621279828
97,LightGBM_fixed,0.2851458277444918,0.8206762317259421,0.6262310709023812,new,
97,LightGBM_tuned,0.30587866456698243,0.8086876752682916,0.6165218083726842,new,0.35896399104799237
101,LightGBM_fixed,0.339263223480363,0.7936681720196901,0.6094102974971842,new,
101,LightGBM_tuned,0.3512045108256303,0.7864636149178615,0.6039932663332784,new,0.29900741396747177
