seed,best_num_leaves,best_learning_rate,best_subsample,best_val_r2,test_r2
42,15,0.05,0.8,0.332747073446516,0.35980336223200027
123,15,0.05,1.0,0.3803228631480571,0.3535404227090211
2025,15,0.05,0.8,0.3303056482102572,0.349485832805029
7,15,0.05,1.0,0.4017255743995851,0.3824831445540092
13,15,0.05,1.0,0.34099788700234,0.3814931437000221
37,15,0.05,1.0,0.37957945839075247,0.40600875663041014
61,15,0.05,1.0,0.3717849310479504,0.3856277198659749
73,15,0.05,1.0,0.3965157621279828,0.34161115320366164
97,15,0.05,0.8,0.35896399104799237,0.30587866456698243
101,15,0.05,1.0,0.29900741396747177,0.3512045108256303
