feature,importance
ndvi_q90,0.12293842583629373
sar_hv_db,0.10824656866332306
ndvi_mean,0.06624561273276734
et_mean,0.06508702787513948
ndvi_q75,0.06405129325561254
lst_mean,0.06082793231905323
sar_hh_minus_hv,0.05959503869979081
slope_mean,0.04907107993078516
aspect_sin,0.048097868289311015
elevation_mean,0.047324592449509546
aspect_cos,0.04657439752476136
sar_hh_db,0.042872717250331926
ndvi_q25,0.037454613473172776
curvature_mean,0.03697416217067725
ndvi_range,0.03216036879953894
lai_mean,0.030059026965536265
ndvi_std,0.02832817945024949
ndvi_median,0.027214383250705774
fpar_mean,0.026876711063440365
