pair,method,r,p,n
sar_hh_db vs AGB,Pearson,0.11323743283271819,0.00642450966963845,578
sar_hh_db vs AGB,Spearman,0.10494708069715243,0.011582612423755995,578
sar_hv_db vs AGB,Pearson,0.2942335901704176,5.239186130439399e-13,578
sar_hv_db vs AGB,Spearman,0.24001916151579936,5.108667452897304e-09,578
sar_hh_minus_hv vs AGB,Pearson,-0.27445894204556515,1.900122822417093e-11,578
sar_hh_minus_hv vs AGB,Spearman,-0.19840511581812031,1.5280649341943918e-06,578
HV vs ndvi_mean,Pearson,0.1559886339466358,0.00016643266817492326,578
HV vs elevation_mean,Pearson,0.08841417870058384,0.033571363190577665,578
HV vs lai_mean,Pearson,-0.14204377649450592,0.008921669497952686,338
HV vs AGB | elev+NDVI,partial,0.2568262521291022,3.690939824332816e-10,578
