seed,graph_type,k,split,r2,rmse,mae,directed_edge_count,unique_undirected_edge_count,isolated_nodes,mean_degree,best_epoch,best_val_loss
42,Geo-GCN,5,random,0.3617818355560303,0.7818678892012003,0.6095344424247742,66380,19947,0,5.0,300,0.6930282115936279
42,EGSG-GCN,5,random,0.3976215720176697,0.7595974459011092,0.5853763222694397,60668,18155,43,4.569749924676107,290,0.6351492404937744
42,Geo-GCN,10,random,0.3624246120452881,0.7814740431923575,0.6061261892318726,132760,38060,0,10.0,290,0.690028727054596
42,EGSG-GCN,10,random,0.4016541838645935,0.7570506326656521,0.579444408416748,121396,35274,6,9.144019282916542,300,0.6289247274398804
42,Geo-GCN,15,random,0.36712539196014404,0.7785878792483434,0.6051644086837769,199140,56526,0,15.0,300,0.6848049759864807
42,EGSG-GCN,15,random,0.4107744097709656,0.7512588268148658,0.5764209032058716,181118,52118,3,13.642512805061765,300,0.6306323409080505
42,Geo-GCN,20,random,0.3678692579269409,0.7781301383342911,0.6050811409950256,265520,75142,0,20.0,300,0.6848526000976562
42,EGSG-GCN,20,random,0.42199742794036865,0.7440698144417819,0.5741674900054932,240874,69289,1,18.143567339560107,290,0.6197777390480042
42,Geo-GCN,5,buffer_30km,-0.1268984079360962,0.6952324724755413,0.562194287776947,66380,19947,0,5.0,300,0.6788245439529419
42,EGSG-GCN,5,buffer_30km,-0.20304977893829346,0.7183390147241904,0.5741890072822571,60668,18155,43,4.569749924676107,300,0.6456649899482727
42,Geo-GCN,10,buffer_30km,-0.11317479610443115,0.6909861608491272,0.5683538913726807,132760,38060,0,10.0,300,0.6836772561073303
42,EGSG-GCN,10,buffer_30km,-0.21113812923431396,0.720749768244203,0.5713623762130737,121396,35274,6,9.144019282916542,300,0.6282141804695129
42,Geo-GCN,15,buffer_30km,-0.14165866374969482,0.6997707681316753,0.5720511674880981,199140,56526,0,15.0,300,0.6756887435913086
42,EGSG-GCN,15,buffer_30km,-0.22751593589782715,0.7256065971544607,0.5768519043922424,181118,52118,3,13.642512805061765,300,0.6297011971473694
42,Geo-GCN,20,buffer_30km,-0.09677815437316895,0.685878314895086,0.5568268895149231,265520,75142,0,20.0,300,0.6754582524299622
42,EGSG-GCN,20,buffer_30km,-0.2349410057067871,0.7277978628807003,0.5807923674583435,240874,69289,1,18.143567339560107,300,0.6226291656494141
42,Geo-GCN,5,elevation_high_holdout,-0.15294480323791504,0.7121795870787851,0.5837597250938416,66380,19947,0,5.0,110,0.6933451294898987
42,EGSG-GCN,5,elevation_high_holdout,-0.8335740566253662,0.8981202602062308,0.6625723242759705,60668,18155,43,4.569749924676107,300,0.6420100927352905
42,Geo-GCN,10,elevation_high_holdout,-0.25552403926849365,0.7431864390469518,0.6089178919792175,132760,38060,0,10.0,300,0.6821287870407104
42,EGSG-GCN,10,elevation_high_holdout,-0.43292129039764404,0.7939560104719176,0.5788658261299133,121396,35274,6,9.144019282916542,300,0.6302239894866943
42,Geo-GCN,15,elevation_high_holdout,-0.2829461097717285,0.7512586284656069,0.618712842464447,199140,56526,0,15.0,300,0.6793935298919678
42,EGSG-GCN,15,elevation_high_holdout,-0.2593792676925659,0.7443265907823847,0.5438140630722046,181118,52118,3,13.642512805061765,300,0.6249871850013733
42,Geo-GCN,20,elevation_high_holdout,-0.2577335834503174,0.7438401143594541,0.6169308423995972,265520,75142,0,20.0,300,0.6724274158477783
42,EGSG-GCN,20,elevation_high_holdout,-0.3744922876358032,0.7776003083535552,0.5692856907844543,240874,69289,1,18.143567339560107,300,0.6218282580375671
123,Geo-GCN,5,random,0.3622828722000122,0.8248898634943649,0.6311360597610474,66380,19947,0,5.0,280,0.6730247735977173
123,EGSG-GCN,5,random,0.39767199754714966,0.8016752137768102,0.6191473603248596,60668,18155,43,4.569749924676107,300,0.6144161224365234
123,Geo-GCN,10,random,0.36904627084732056,0.8205039391338815,0.6318215727806091,132760,38060,0,10.0,300,0.6756669878959656
123,EGSG-GCN,10,random,0.42496830224990845,0.7832994282939904,0.6039198040962219,121396,35274,6,9.144019282916542,290,0.605329692363739
123,Geo-GCN,15,random,0.3709459900856018,0.8192678066293949,0.632800817489624,199140,56526,0,15.0,300,0.6737282872200012
123,EGSG-GCN,15,random,0.42963868379592896,0.7801120099314236,0.603149950504303,181118,52118,3,13.642512805061765,280,0.603134036064148
123,Geo-GCN,20,random,0.37965041399002075,0.8135798321187898,0.6278182864189148,265520,75142,0,20.0,300,0.6711443066596985
123,EGSG-GCN,20,random,0.4382285475730896,0.7742153071414526,0.5957343578338623,240874,69289,1,18.143567339560107,290,0.5984755754470825
123,Geo-GCN,5,buffer_30km,-0.1285405158996582,0.6897676091063542,0.568260133266449,66380,19947,0,5.0,270,0.6289933919906616
123,EGSG-GCN,5,buffer_30km,-0.18743038177490234,0.7075355796494471,0.5708067417144775,60668,18155,43,4.569749924676107,250,0.5950605273246765
123,Geo-GCN,10,buffer_30km,-0.15245699882507324,0.6970382020351794,0.5750623345375061,132760,38060,0,10.0,290,0.6206876039505005
123,EGSG-GCN,10,buffer_30km,-0.20595896244049072,0.7130343775627324,0.5794165134429932,121396,35274,6,9.144019282916542,300,0.5714173913002014
123,Geo-GCN,15,buffer_30km,-0.1476144790649414,0.6955722152342712,0.5744653344154358,199140,56526,0,15.0,280,0.6284408569335938
123,EGSG-GCN,15,buffer_30km,-0.20454931259155273,0.7126175448849562,0.584209680557251,181118,52118,3,13.642512805061765,300,0.564333975315094
123,Geo-GCN,20,buffer_30km,-0.14063489437103271,0.6934538226207168,0.5738576650619507,265520,75142,0,20.0,280,0.6313135027885437
123,EGSG-GCN,20,buffer_30km,-0.22000563144683838,0.7171750019787969,0.591934323310852,240874,69289,1,18.143567339560107,300,0.5604280829429626
123,Geo-GCN,5,elevation_high_holdout,-0.23182594776153564,0.7369630135607049,0.6051964163780212,66380,19947,0,5.0,280,0.7050322890281677
123,EGSG-GCN,5,elevation_high_holdout,-0.16869866847991943,0.7178311486950146,0.5297002196311951,60668,18155,43,4.569749924676107,280,0.6478189826011658
123,Geo-GCN,10,elevation_high_holdout,-0.2538564205169678,0.743523890321194,0.6108413338661194,132760,38060,0,10.0,300,0.6971140503883362
123,EGSG-GCN,10,elevation_high_holdout,-0.23707997798919678,0.7385330174580358,0.5486403703689575,121396,35274,6,9.144019282916542,290,0.6188214421272278
123,Geo-GCN,15,elevation_high_holdout,-0.2266988754272461,0.7354277106546396,0.6010834574699402,199140,56526,0,15.0,300,0.690843403339386
123,EGSG-GCN,15,elevation_high_holdout,-0.21707487106323242,0.7325371816787248,0.5395480990409851,181118,52118,3,13.642512805061765,300,0.6129325032234192
123,Geo-GCN,20,elevation_high_holdout,-0.22519266605377197,0.7349760963808835,0.6038448214530945,265520,75142,0,20.0,300,0.683899998664856
123,EGSG-GCN,20,elevation_high_holdout,-0.30020081996917725,0.7571401070984409,0.5495333671569824,240874,69289,1,18.143567339560107,300,0.6039189100265503
2025,Geo-GCN,5,random,0.34871572256088257,0.8024058911292697,0.6227759122848511,66380,19947,0,5.0,300,0.634452223777771
2025,EGSG-GCN,5,random,0.3734251856803894,0.7870372426795276,0.6013285517692566,60668,18155,43,4.569749924676107,300,0.598111629486084
2025,Geo-GCN,10,random,0.3554837703704834,0.7982257539846361,0.6216273307800293,132760,38060,0,10.0,300,0.6367435455322266
2025,EGSG-GCN,10,random,0.38244789838790894,0.7813500149603896,0.5988191366195679,121396,35274,6,9.144019282916542,300,0.5937113165855408
2025,Geo-GCN,15,random,0.35970985889434814,0.7956044783421593,0.6212443709373474,199140,56526,0,15.0,300,0.63552325963974
2025,EGSG-GCN,15,random,0.395937442779541,0.7727691382781369,0.5947195887565613,181118,52118,3,13.642512805061765,300,0.5865660309791565
2025,Geo-GCN,20,random,0.36532384157180786,0.7921089058135431,0.6172187924385071,265520,75142,0,20.0,300,0.6320347785949707
2025,EGSG-GCN,20,random,0.4036290645599365,0.767833482815023,0.5920339226722717,240874,69289,1,18.143567339560107,300,0.5773220658302307
2025,Geo-GCN,5,buffer_30km,-0.14960920810699463,0.6979093812211142,0.5790679454803467,66380,19947,0,5.0,290,0.6819832921028137
2025,EGSG-GCN,5,buffer_30km,-0.23723995685577393,0.7240205413291186,0.5841944813728333,60668,18155,43,4.569749924676107,300,0.6555284857749939
2025,Geo-GCN,10,buffer_30km,-0.13484585285186768,0.6934135953093037,0.5772882699966431,132760,38060,0,10.0,290,0.6682824492454529
2025,EGSG-GCN,10,buffer_30km,-0.270969033241272,0.7338231630907872,0.5939313173294067,121396,35274,6,9.144019282916542,300,0.6286287903785706
2025,Geo-GCN,15,buffer_30km,-0.18550777435302734,0.7087223209715182,0.5940729975700378,199140,56526,0,15.0,290,0.6654629707336426
2025,EGSG-GCN,15,buffer_30km,-0.3128417730331421,0.7458132870784344,0.608474612236023,181118,52118,3,13.642512805061765,300,0.6233235001564026
2025,Geo-GCN,20,buffer_30km,-0.1447046995162964,0.6964190817804726,0.5832201838493347,265520,75142,0,20.0,290,0.6596035361289978
2025,EGSG-GCN,20,buffer_30km,-0.33100271224975586,0.750954140277566,0.6218507885932922,240874,69289,1,18.143567339560107,290,0.6176869869232178
2025,Geo-GCN,5,elevation_high_holdout,-0.25225114822387695,0.7402808745985244,0.611399233341217,66380,19947,0,5.0,300,0.682768702507019
2025,EGSG-GCN,5,elevation_high_holdout,-0.3035616874694824,0.75529498337623,0.542820155620575,60668,18155,43,4.569749924676107,300,0.6415166854858398
2025,Geo-GCN,10,elevation_high_holdout,-0.26373255252838135,0.7436668109050129,0.6179159283638,132760,38060,0,10.0,280,0.6768100261688232
2025,EGSG-GCN,10,elevation_high_holdout,-0.44463050365448,0.7951136177374538,0.568344235420227,121396,35274,6,9.144019282916542,300,0.6210522651672363
2025,Geo-GCN,15,elevation_high_holdout,-0.27489638328552246,0.7469443221222362,0.6247498989105225,199140,56526,0,15.0,280,0.6638072729110718
2025,EGSG-GCN,15,elevation_high_holdout,-0.49737632274627686,0.8094989298789271,0.5828591585159302,181118,52118,3,13.642512805061765,300,0.6093937158584595
2025,Geo-GCN,20,elevation_high_holdout,-0.29182112216949463,0.7518859833305952,0.6318894028663635,265520,75142,0,20.0,300,0.650772213935852
2025,EGSG-GCN,20,elevation_high_holdout,-0.8218679428100586,0.8929131878565386,0.652188777923584,240874,69289,1,18.143567339560107,300,0.6003130674362183
7,Geo-GCN,5,random,0.37231701612472534,0.7821306605610515,0.6151238679885864,66380,19947,0,5.0,300,0.608600914478302
7,EGSG-GCN,5,random,0.4175810217857361,0.7534022252334773,0.5882306098937988,60668,18155,43,4.569749924676107,300,0.5552032589912415
7,Geo-GCN,10,random,0.3654104471206665,0.7864218991831687,0.6172831654548645,132760,38060,0,10.0,300,0.6017411947250366
7,EGSG-GCN,10,random,0.43080395460128784,0.7448007454129841,0.579304039478302,121396,35274,6,9.144019282916542,300,0.54911208152771
7,Geo-GCN,15,random,0.37270665168762207,0.7818879002788364,0.6119936108589172,199140,56526,0,15.0,300,0.6036707162857056
7,EGSG-GCN,15,random,0.4385215640068054,0.7397341686332531,0.5761059522628784,181118,52118,3,13.642512805061765,300,0.5463680028915405
7,Geo-GCN,20,random,0.3744127154350281,0.7808238965552945,0.6142293810844421,265520,75142,0,20.0,300,0.6058613657951355
7,EGSG-GCN,20,random,0.44227975606918335,0.7372543620940654,0.577161431312561,240874,69289,1,18.143567339560107,300,0.5418173670768738
7,Geo-GCN,5,buffer_30km,-0.04998958110809326,0.6666591812746703,0.5477177500724792,66380,19947,0,5.0,200,0.6569958329200745
7,EGSG-GCN,5,buffer_30km,-0.1596376895904541,0.7006038607114462,0.56622713804245,60668,18155,43,4.569749924676107,300,0.5871326923370361
7,Geo-GCN,10,buffer_30km,-0.10626304149627686,0.6842905906983601,0.5650143623352051,132760,38060,0,10.0,250,0.6494067907333374
7,EGSG-GCN,10,buffer_30km,-0.21090972423553467,0.7159245143263852,0.5793554782867432,121396,35274,6,9.144019282916542,300,0.5715934634208679
7,Geo-GCN,15,buffer_30km,-0.08423161506652832,0.6774424383126171,0.5634233951568604,199140,56526,0,15.0,200,0.6515306830406189
7,EGSG-GCN,15,buffer_30km,-0.24913668632507324,0.7271371845170771,0.5892668962478638,181118,52118,3,13.642512805061765,290,0.5691714286804199
7,Geo-GCN,20,buffer_30km,-0.12180447578430176,0.6890804807431923,0.570383608341217,265520,75142,0,20.0,270,0.6535734534263611
7,EGSG-GCN,20,buffer_30km,-0.27486491203308105,0.7345873748818138,0.5956119894981384,240874,69289,1,18.143567339560107,300,0.5603446960449219
7,Geo-GCN,5,elevation_high_holdout,-0.2744896411895752,0.7516013771835265,0.622847318649292,66380,19947,0,5.0,300,0.7405321002006531
7,EGSG-GCN,5,elevation_high_holdout,-0.20350229740142822,0.7303699283766525,0.5326974987983704,60668,18155,43,4.569749924676107,290,0.6996417045593262
7,Geo-GCN,10,elevation_high_holdout,-0.27177906036376953,0.7508016911005435,0.6199527382850647,132760,38060,0,10.0,300,0.7231950163841248
7,EGSG-GCN,10,elevation_high_holdout,-0.7013307809829712,0.8683879893912735,0.6399722695350647,121396,35274,6,9.144019282916542,300,0.6702165603637695
7,Geo-GCN,15,elevation_high_holdout,-0.28192412853240967,0.7537903770778889,0.6194297075271606,199140,56526,0,15.0,290,0.7187169194221497
7,EGSG-GCN,15,elevation_high_holdout,-0.5092487335205078,0.8178992969717467,0.6069959402084351,181118,52118,3,13.642512805061765,300,0.6590598225593567
7,Geo-GCN,20,elevation_high_holdout,-0.2641719579696655,0.7485528733557416,0.6172758936882019,265520,75142,0,20.0,290,0.711696445941925
7,EGSG-GCN,20,elevation_high_holdout,-0.39441394805908203,0.7861678405919009,0.5855261087417603,240874,69289,1,18.143567339560107,300,0.6515617370605469
13,Geo-GCN,5,random,0.3818119764328003,0.8139569351370443,0.6261317133903503,66380,19947,0,5.0,300,0.660749614238739
13,EGSG-GCN,5,random,0.41837161779403687,0.7895214521236866,0.6038634777069092,60668,18155,43,4.569749924676107,300,0.6155840158462524
13,Geo-GCN,10,random,0.3747853636741638,0.8185698027001409,0.6314244866371155,132760,38060,0,10.0,280,0.6549798846244812
13,EGSG-GCN,10,random,0.4303838014602661,0.781326061360865,0.5945547223091125,121396,35274,6,9.144019282916542,300,0.6124294400215149
13,Geo-GCN,15,random,0.37565964460372925,0.817997271924961,0.6311190128326416,199140,56526,0,15.0,300,0.6527935862541199
13,EGSG-GCN,15,random,0.42984718084335327,0.7816940190247843,0.5941867232322693,181118,52118,3,13.642512805061765,300,0.6119814515113831
13,Geo-GCN,20,random,0.3777680993080139,0.8166148453120075,0.6307710409164429,265520,75142,0,20.0,300,0.6487114429473877
13,EGSG-GCN,20,random,0.436008095741272,0.7774591408201696,0.5902876257896423,240874,69289,1,18.143567339560107,300,0.6049178838729858
13,Geo-GCN,5,buffer_30km,-0.08590960502624512,0.675359384797143,0.563292384147644,66380,19947,0,5.0,160,0.6292360424995422
13,EGSG-GCN,5,buffer_30km,-0.18849754333496094,0.7065408175421856,0.5748354196548462,60668,18155,43,4.569749924676107,300,0.588808536529541
13,Geo-GCN,10,buffer_30km,-0.1297008991241455,0.6888423732423136,0.5734822154045105,132760,38060,0,10.0,270,0.6205652356147766
13,EGSG-GCN,10,buffer_30km,-0.1956171989440918,0.7086539010590474,0.5783527493476868,121396,35274,6,9.144019282916542,300,0.5673072338104248
13,Geo-GCN,15,buffer_30km,-0.1297295093536377,0.6888510909550953,0.5732942223548889,199140,56526,0,15.0,280,0.6190598607063293
13,EGSG-GCN,15,buffer_30km,-0.19947826862335205,0.7097972487026839,0.574793815612793,181118,52118,3,13.642512805061765,300,0.561964213848114
13,Geo-GCN,20,buffer_30km,-0.1282520294189453,0.6884005024336821,0.5732434988021851,265520,75142,0,20.0,280,0.6161524653434753
13,EGSG-GCN,20,buffer_30km,-0.16589653491973877,0.6997906141811707,0.574170708656311,240874,69289,1,18.143567339560107,300,0.5513128638267517
13,Geo-GCN,5,elevation_high_holdout,-0.2073378562927246,0.7245519569042541,0.5883712768554688,66380,19947,0,5.0,280,0.6599423885345459
13,EGSG-GCN,5,elevation_high_holdout,-0.08866381645202637,0.6880215270630667,0.5255215764045715,60668,18155,43,4.569749924676107,300,0.5907365083694458
13,Geo-GCN,10,elevation_high_holdout,-0.21911752223968506,0.7280780204057203,0.5975008010864258,132760,38060,0,10.0,270,0.6657178401947021
13,EGSG-GCN,10,elevation_high_holdout,-0.12652218341827393,0.699882299030531,0.5189504623413086,121396,35274,6,9.144019282916542,290,0.585749089717865
13,Geo-GCN,15,elevation_high_holdout,-0.25288522243499756,0.7380924689919229,0.6029040217399597,199140,56526,0,15.0,300,0.6589977741241455
13,EGSG-GCN,15,elevation_high_holdout,-0.13948428630828857,0.7038973063621569,0.5175989866256714,181118,52118,3,13.642512805061765,290,0.5867249369621277
13,Geo-GCN,20,elevation_high_holdout,-0.24206185340881348,0.7348974682532675,0.6047936677932739,265520,75142,0,20.0,300,0.6568349599838257
13,EGSG-GCN,20,elevation_high_holdout,-0.17673349380493164,0.7153098249406237,0.520383894443512,240874,69289,1,18.143567339560107,290,0.5780670642852783
37,Geo-GCN,5,random,0.36599767208099365,0.7930661597343694,0.615590512752533,66380,19947,0,5.0,150,0.6427501440048218
37,EGSG-GCN,5,random,0.40074241161346436,0.7710291038244905,0.5869086384773254,60668,18155,43,4.569749924676107,190,0.5806540250778198
37,Geo-GCN,10,random,0.3765432834625244,0.7864428175517773,0.6097103953361511,132760,38060,0,10.0,300,0.6364427804946899
37,EGSG-GCN,10,random,0.4130052328109741,0.76309939729699,0.5832155346870422,121396,35274,6,9.144019282916542,280,0.5627843141555786
37,Geo-GCN,15,random,0.37990397214889526,0.7843203293794643,0.6065676808357239,199140,56526,0,15.0,300,0.6342850923538208
37,EGSG-GCN,15,random,0.42137521505355835,0.7576393244184887,0.5807006359100342,181118,52118,3,13.642512805061765,300,0.5562517642974854
37,Geo-GCN,20,random,0.3809507489204407,0.7836580548661735,0.6046624183654785,265520,75142,0,20.0,300,0.6282448172569275
37,EGSG-GCN,20,random,0.43116283416748047,0.7512041597773191,0.5781435966491699,240874,69289,1,18.143567339560107,300,0.5525369644165039
37,Geo-GCN,5,buffer_30km,-0.1903524398803711,0.7103130406697771,0.5828181505203247,66380,19947,0,5.0,300,0.6341506242752075
37,EGSG-GCN,5,buffer_30km,-0.23643100261688232,0.7239305962022021,0.5909812450408936,60668,18155,43,4.569749924676107,290,0.5903736352920532
37,Geo-GCN,10,buffer_30km,-0.25303077697753906,0.7287739967988613,0.6076076030731201,132760,38060,0,10.0,300,0.6361304521560669
37,EGSG-GCN,10,buffer_30km,-0.2882503271102905,0.7389449915305724,0.6070374846458435,121396,35274,6,9.144019282916542,300,0.5731067061424255
37,Geo-GCN,15,buffer_30km,-0.24985456466674805,0.7278497429405639,0.6111199259757996,199140,56526,0,15.0,290,0.6370388269424438
37,EGSG-GCN,15,buffer_30km,-0.29442620277404785,0.7407141265679785,0.6096253395080566,181118,52118,3,13.642512805061765,300,0.5676305890083313
37,Geo-GCN,20,buffer_30km,-0.24994850158691406,0.7278770941590036,0.6107333302497864,265520,75142,0,20.0,300,0.6383004188537598
37,EGSG-GCN,20,buffer_30km,-0.3240717649459839,0.7491482428031029,0.6119306087493896,240874,69289,1,18.143567339560107,300,0.5616502165794373
37,Geo-GCN,5,elevation_high_holdout,-0.24776852130889893,0.7476077072983135,0.619516909122467,66380,19947,0,5.0,280,0.7624024748802185
37,EGSG-GCN,5,elevation_high_holdout,-0.22677326202392578,0.7412913081606548,0.5406189560890198,60668,18155,43,4.569749924676107,290,0.7218485474586487
37,Geo-GCN,10,elevation_high_holdout,-0.3096282482147217,0.7659153679615452,0.639244794845581,132760,38060,0,10.0,290,0.7517554759979248
37,EGSG-GCN,10,elevation_high_holdout,-0.3709772825241089,0.7836495361551647,0.5677365064620972,121396,35274,6,9.144019282916542,290,0.6828861832618713
37,Geo-GCN,15,elevation_high_holdout,-0.2777811288833618,0.7565453937649715,0.6305525898933411,199140,56526,0,15.0,220,0.7506690621376038
37,EGSG-GCN,15,elevation_high_holdout,-0.3902578353881836,0.7891406785364287,0.5692178606987,181118,52118,3,13.642512805061765,300,0.674982488155365
37,Geo-GCN,20,elevation_high_holdout,-0.2637898921966553,0.7523920536874957,0.626410961151123,265520,75142,0,20.0,240,0.7489898204803467
37,EGSG-GCN,20,elevation_high_holdout,-0.4218236207962036,0.79804909921001,0.5774820446968079,240874,69289,1,18.143567339560107,300,0.6623846292495728
61,Geo-GCN,5,random,0.39057451486587524,0.808234056458888,0.6183072924613953,66380,19947,0,5.0,300,0.5920226573944092
61,EGSG-GCN,5,random,0.4154042601585388,0.7915979949547007,0.5967831611633301,60668,18155,43,4.569749924676107,140,0.5715152025222778
61,Geo-GCN,10,random,0.38891321420669556,0.8093349726732086,0.6260997653007507,132760,38060,0,10.0,270,0.5889466404914856
61,EGSG-GCN,10,random,0.43769371509552,0.7763603162161532,0.5858091115951538,121396,35274,6,9.144019282916542,290,0.5572218298912048
61,Geo-GCN,15,random,0.3841782212257385,0.8124644931957687,0.6307446360588074,199140,56526,0,15.0,250,0.5880990624427795
61,EGSG-GCN,15,random,0.44458943605422974,0.7715852695595569,0.5856515169143677,181118,52118,3,13.642512805061765,300,0.5519027709960938
61,Geo-GCN,20,random,0.39385074377059937,0.8060586598776527,0.6280384063720703,265520,75142,0,20.0,290,0.5851174592971802
61,EGSG-GCN,20,random,0.45354193449020386,0.7653415310868674,0.5822182297706604,240874,69289,1,18.143567339560107,300,0.5421625375747681
61,Geo-GCN,5,buffer_30km,-0.08657050132751465,0.6763152950515713,0.5566356778144836,66380,19947,0,5.0,240,0.6097410321235657
61,EGSG-GCN,5,buffer_30km,-0.18920421600341797,0.7075359166198119,0.5689170360565186,60668,18155,43,4.569749924676107,240,0.5836196541786194
61,Geo-GCN,10,buffer_30km,-0.1046135425567627,0.6819074704125347,0.5640605688095093,132760,38060,0,10.0,220,0.6032931208610535
61,EGSG-GCN,10,buffer_30km,-0.18433260917663574,0.7060852044186277,0.5714089274406433,121396,35274,6,9.144019282916542,270,0.570254921913147
61,Geo-GCN,15,buffer_30km,-0.13071978092193604,0.6899184474918245,0.5738440752029419,199140,56526,0,15.0,210,0.607158362865448
61,EGSG-GCN,15,buffer_30km,-0.18315327167510986,0.7057335678657782,0.5710143446922302,181118,52118,3,13.642512805061765,220,0.564729630947113
61,Geo-GCN,20,buffer_30km,-0.11688458919525146,0.6856846249855387,0.569049596786499,265520,75142,0,20.0,230,0.6073166131973267
61,EGSG-GCN,20,buffer_30km,-0.23102068901062012,0.7198681219838489,0.5884884595870972,240874,69289,1,18.143567339560107,280,0.5569214224815369
61,Geo-GCN,5,elevation_high_holdout,-0.29085779190063477,0.7540723785625976,0.6270420551300049,66380,19947,0,5.0,250,0.69914311170578
61,EGSG-GCN,5,elevation_high_holdout,-0.26327788829803467,0.7459733076894003,0.5526442527770996,60668,18155,43,4.569749924676107,300,0.662156343460083
61,Geo-GCN,10,elevation_high_holdout,-0.3109729290008545,0.7599249430033984,0.6387527585029602,132760,38060,0,10.0,250,0.6920639872550964
61,EGSG-GCN,10,elevation_high_holdout,-0.19275319576263428,0.7248516243344305,0.5340957045555115,121396,35274,6,9.144019282916542,300,0.6403275728225708
61,Geo-GCN,15,elevation_high_holdout,-0.3110959529876709,0.7599605908340373,0.6281351447105408,199140,56526,0,15.0,300,0.6886900663375854
61,EGSG-GCN,15,elevation_high_holdout,-0.15671873092651367,0.7138183410047496,0.5271867513656616,181118,52118,3,13.642512805061765,300,0.6281712651252747
61,Geo-GCN,20,elevation_high_holdout,-0.2807044982910156,0.751100924231253,0.6176365613937378,265520,75142,0,20.0,270,0.6874477863311768
61,EGSG-GCN,20,elevation_high_holdout,-0.16465187072753906,0.7162619941599262,0.5268771052360535,240874,69289,1,18.143567339560107,300,0.6163418889045715
73,Geo-GCN,5,random,0.32903069257736206,0.8081982884877676,0.6303263902664185,66380,19947,0,5.0,300,0.6263880729675293
73,EGSG-GCN,5,random,0.37410831451416016,0.7805777900292361,0.6025213003158569,60668,18155,43,4.569749924676107,300,0.5913182497024536
73,Geo-GCN,10,random,0.34930944442749023,0.7958914727216351,0.6242805123329163,132760,38060,0,10.0,270,0.627133846282959
73,EGSG-GCN,10,random,0.38683366775512695,0.7726018610712398,0.593964695930481,121396,35274,6,9.144019282916542,290,0.5757089853286743
73,Geo-GCN,15,random,0.3518826365470886,0.7943162040050787,0.6225617527961731,199140,56526,0,15.0,300,0.6230215430259705
73,EGSG-GCN,15,random,0.3921549320220947,0.769242091966706,0.5892325043678284,181118,52118,3,13.642512805061765,300,0.5754208564758301
73,Geo-GCN,20,random,0.35483360290527344,0.7925058526505928,0.6226231455802917,265520,75142,0,20.0,300,0.6170545220375061
73,EGSG-GCN,20,random,0.40485942363739014,0.7611607390564753,0.5820063948631287,240874,69289,1,18.143567339560107,300,0.5676624774932861
73,Geo-GCN,5,buffer_30km,-0.10023164749145508,0.6866464084195483,0.5673874616622925,66380,19947,0,5.0,210,0.6832647919654846
73,EGSG-GCN,5,buffer_30km,-0.19109678268432617,0.714438067945492,0.5759471654891968,60668,18155,43,4.569749924676107,290,0.6338202357292175
73,Geo-GCN,10,buffer_30km,-0.2661874294281006,0.736614181848227,0.615015983581543,132760,38060,0,10.0,300,0.6674644947052002
73,EGSG-GCN,10,buffer_30km,-0.22726166248321533,0.7252031140430499,0.5875679850578308,121396,35274,6,9.144019282916542,300,0.6143661141395569
73,Geo-GCN,15,buffer_30km,-0.2699664831161499,0.7377126209429253,0.6159836649894714,199140,56526,0,15.0,280,0.6649436354637146
73,EGSG-GCN,15,buffer_30km,-0.28386688232421875,0.7417389166569316,0.6051727533340454,181118,52118,3,13.642512805061765,300,0.6109885573387146
73,Geo-GCN,20,buffer_30km,-0.21346187591552734,0.7211143746944664,0.6050848960876465,265520,75142,0,20.0,300,0.6677244901657104
73,EGSG-GCN,20,buffer_30km,-0.27603602409362793,0.7394733794955326,0.6116939783096313,240874,69289,1,18.143567339560107,300,0.6053622364997864
73,Geo-GCN,5,elevation_high_holdout,-0.18324553966522217,0.7222799197608754,0.5718855261802673,66380,19947,0,5.0,210,0.7477725148200989
73,EGSG-GCN,5,elevation_high_holdout,-0.12824463844299316,0.7052933002676188,0.5383973717689514,60668,18155,43,4.569749924676107,300,0.6653046011924744
73,Geo-GCN,10,elevation_high_holdout,-0.22293102741241455,0.734292492391262,0.5921427607536316,132760,38060,0,10.0,300,0.734894871711731
73,EGSG-GCN,10,elevation_high_holdout,-0.2162008285522461,0.7322691898143184,0.5444435477256775,121396,35274,6,9.144019282916542,270,0.653028130531311
73,Geo-GCN,15,elevation_high_holdout,-0.2300783395767212,0.7364351311193686,0.5947116017341614,199140,56526,0,15.0,300,0.727023184299469
73,EGSG-GCN,15,elevation_high_holdout,-0.29484689235687256,0.7555745694706928,0.5495295524597168,181118,52118,3,13.642512805061765,300,0.642769455909729
73,Geo-GCN,20,elevation_high_holdout,-0.21092402935028076,0.7306788749182507,0.5967050790786743,265520,75142,0,20.0,300,0.7183716893196106
73,EGSG-GCN,20,elevation_high_holdout,-0.3995232582092285,0.7855216926624302,0.5604336857795715,240874,69289,1,18.143567339560107,300,0.6324167251586914
97,Geo-GCN,5,random,0.3109877109527588,0.8057060092063228,0.6203460693359375,66380,19947,0,5.0,170,0.6230692267417908
97,EGSG-GCN,5,random,0.35254496335983276,0.7810304333182655,0.5960294604301453,60668,18155,43,4.569749924676107,300,0.5788562297821045
97,Geo-GCN,10,random,0.32049328088760376,0.8001289874637354,0.6159362196922302,132760,38060,0,10.0,270,0.6090589761734009
97,EGSG-GCN,10,random,0.37120914459228516,0.7696907149327888,0.5883314609527588,121396,35274,6,9.144019282916542,300,0.5545281767845154
97,Geo-GCN,15,random,0.32162612676620483,0.7994617663218138,0.6181740760803223,199140,56526,0,15.0,200,0.6079770922660828
97,EGSG-GCN,15,random,0.37816762924194336,0.7654199520269693,0.585029661655426,181118,52118,3,13.642512805061765,300,0.5452104806900024
97,Geo-GCN,20,random,0.3287730813026428,0.7952392844204024,0.6149426102638245,265520,75142,0,20.0,280,0.6041341423988342
97,EGSG-GCN,20,random,0.38345086574554443,0.762161439244423,0.583325982093811,240874,69289,1,18.143567339560107,300,0.5392324328422546
97,Geo-GCN,5,buffer_30km,-0.046546220779418945,0.6654337917298722,0.5427463054656982,66380,19947,0,5.0,140,0.6395471096038818
97,EGSG-GCN,5,buffer_30km,-0.19773757457733154,0.7118795253084009,0.5714781284332275,60668,18155,43,4.569749924676107,290,0.5829744338989258
97,Geo-GCN,10,buffer_30km,-0.010499715805053711,0.6538735002089568,0.5339708924293518,132760,38060,0,10.0,120,0.635286271572113
97,EGSG-GCN,10,buffer_30km,-0.19439613819122314,0.7108858110690084,0.5730484127998352,121396,35274,6,9.144019282916542,290,0.5576267838478088
97,Geo-GCN,15,buffer_30km,-0.10103499889373779,0.6825370032022294,0.5697183012962341,199140,56526,0,15.0,260,0.6330373287200928
97,EGSG-GCN,15,buffer_30km,-0.21918940544128418,0.7182262004729265,0.580225944519043,181118,52118,3,13.642512805061765,300,0.5476107001304626
97,Geo-GCN,20,buffer_30km,-0.13438034057617188,0.6927953870945711,0.5793919563293457,265520,75142,0,20.0,300,0.6260207891464233
97,EGSG-GCN,20,buffer_30km,-0.22397828102111816,0.7196353766597853,0.5857798457145691,240874,69289,1,18.143567339560107,300,0.5398151278495789
97,Geo-GCN,5,elevation_high_holdout,-0.24856770038604736,0.7404864040700405,0.6093776822090149,66380,19947,0,5.0,280,0.6706056594848633
97,EGSG-GCN,5,elevation_high_holdout,-0.11043012142181396,0.6983234918381898,0.525161623954773,60668,18155,43,4.569749924676107,280,0.6151185631752014
97,Geo-GCN,10,elevation_high_holdout,-0.29414868354797363,0.7538815825384797,0.6280176639556885,132760,38060,0,10.0,290,0.6707420349121094
97,EGSG-GCN,10,elevation_high_holdout,-0.17112481594085693,0.7171543487665916,0.530210018157959,121396,35274,6,9.144019282916542,300,0.6004234552383423
97,Geo-GCN,15,elevation_high_holdout,-0.31480610370635986,0.7598745076823785,0.635427713394165,199140,56526,0,15.0,290,0.6653778553009033
97,EGSG-GCN,15,elevation_high_holdout,-0.12221145629882812,0.7020182482230539,0.5258398056030273,181118,52118,3,13.642512805061765,300,0.5921298265457153
97,Geo-GCN,20,elevation_high_holdout,-0.29948890209198,0.7554353613906424,0.6329013705253601,265520,75142,0,20.0,290,0.6621481776237488
97,EGSG-GCN,20,elevation_high_holdout,-0.13090550899505615,0.7047323293023371,0.5228808522224426,240874,69289,1,18.143567339560107,300,0.5767672061920166
101,Geo-GCN,5,random,0.3484094738960266,0.7881558185211848,0.6081883907318115,66380,19947,0,5.0,300,0.6893010139465332
101,EGSG-GCN,5,random,0.40291452407836914,0.7544717594850341,0.5843022465705872,60668,18155,43,4.569749924676107,260,0.6856027245521545
101,Geo-GCN,10,random,0.35544222593307495,0.7838909524965088,0.6103724837303162,132760,38060,0,10.0,290,0.6862825751304626
101,EGSG-GCN,10,random,0.41559815406799316,0.746415273680911,0.5764941573143005,121396,35274,6,9.144019282916542,300,0.670881450176239
101,Geo-GCN,15,random,0.3598671555519104,0.7811955623734083,0.6101693511009216,199140,56526,0,15.0,290,0.6825929880142212
101,EGSG-GCN,15,random,0.4194324016571045,0.7439626245544925,0.575737714767456,181118,52118,3,13.642512805061765,300,0.6640732288360596
101,Geo-GCN,20,random,0.3646693229675293,0.7782598876472062,0.6091266870498657,265520,75142,0,20.0,300,0.6718593835830688
101,EGSG-GCN,20,random,0.423923134803772,0.7410797284460875,0.5736703276634216,240874,69289,1,18.143567339560107,300,0.6572097539901733
101,Geo-GCN,5,buffer_30km,-0.09993243217468262,0.6859363416866177,0.5696496367454529,66380,19947,0,5.0,280,0.6467321515083313
101,EGSG-GCN,5,buffer_30km,-0.24992406368255615,0.7312108722228013,0.5861923098564148,60668,18155,43,4.569749924676107,290,0.6137468218803406
101,Geo-GCN,10,buffer_30km,-0.10682940483093262,0.6880835310855726,0.5717329978942871,132760,38060,0,10.0,290,0.6502545475959778
101,EGSG-GCN,10,buffer_30km,-0.23960065841674805,0.7281849701378837,0.5861091613769531,121396,35274,6,9.144019282916542,290,0.5941737294197083
101,Geo-GCN,15,buffer_30km,-0.14843285083770752,0.7008960574548219,0.5844786167144775,199140,56526,0,15.0,290,0.6454275250434875
101,EGSG-GCN,15,buffer_30km,-0.2477360963821411,0.7305706177533878,0.5930498838424683,181118,52118,3,13.642512805061765,290,0.5851393342018127
101,Geo-GCN,20,buffer_30km,-0.17240619659423828,0.7081738507490051,0.5939393043518066,265520,75142,0,20.0,290,0.6395584344863892
101,EGSG-GCN,20,buffer_30km,-0.26225948333740234,0.734810111824964,0.6008245944976807,240874,69289,1,18.143567339560107,290,0.576707124710083
101,Geo-GCN,5,elevation_high_holdout,-0.24445843696594238,0.7511196917788944,0.6238803863525391,66380,19947,0,5.0,290,0.7802539467811584
101,EGSG-GCN,5,elevation_high_holdout,-0.19276022911071777,0.7353524135873436,0.5371865034103394,60668,18155,43,4.569749924676107,290,0.7354360222816467
101,Geo-GCN,10,elevation_high_holdout,-0.26431775093078613,0.7570892107085823,0.6250547170639038,132760,38060,0,10.0,300,0.7560292482376099
101,EGSG-GCN,10,elevation_high_holdout,-0.31829774379730225,0.7730822277033087,0.5498021245002747,121396,35274,6,9.144019282916542,290,0.7165752649307251
101,Geo-GCN,15,elevation_high_holdout,-0.2731020450592041,0.7597147475910725,0.6319701075553894,199140,56526,0,15.0,280,0.758595883846283
101,EGSG-GCN,15,elevation_high_holdout,-0.32728374004364014,0.7757125685792507,0.5490923523902893,181118,52118,3,13.642512805061765,290,0.7154750227928162
101,Geo-GCN,20,elevation_high_holdout,-0.24487578868865967,0.7512456166398166,0.623163640499115,265520,75142,0,20.0,280,0.7558151483535767
101,EGSG-GCN,20,elevation_high_holdout,-0.2700812816619873,0.7588129027560138,0.5391972064971924,240874,69289,1,18.143567339560107,280,0.7098773717880249
