task,variant,seed,r2
AGB,Geo,42,0.3624246120452881
AGB,Fixed250_sealed,42,0.4016541838645935
AGB,Fixed250_dir,42,0.40160906314849854
AGB,QG,42,0.402595579624176
AGB,AD05,42,0.3960312008857727
AGB,AD10,42,0.3968338370323181
AGB,Geo,123,0.36904627084732056
AGB,Fixed250_sealed,123,0.42496830224990845
AGB,Fixed250_dir,123,0.4186854958534241
AGB,QG,123,0.4092455506324768
AGB,AD05,123,0.4183245897293091
AGB,AD10,123,0.41772395372390747
AGB,Geo,2025,0.3554837703704834
AGB,Fixed250_sealed,2025,0.38244789838790894
AGB,Fixed250_dir,2025,0.38094693422317505
AGB,QG,2025,0.38983702659606934
AGB,AD05,2025,0.3828268051147461
AGB,AD10,2025,0.38410061597824097
AGB,Geo,7,0.3654104471206665
AGB,Fixed250_sealed,7,0.43080395460128784
AGB,Fixed250_dir,7,0.43077754974365234
AGB,QG,7,0.42306214570999146
AGB,AD05,7,0.4296209216117859
AGB,AD10,7,0.4274885654449463
AGB,Geo,13,0.3747853636741638
AGB,Fixed250_sealed,13,0.4303838014602661
AGB,Fixed250_dir,13,0.42285043001174927
AGB,QG,13,0.409882128238678
AGB,AD05,13,0.41884738206863403
AGB,AD10,13,0.4276179075241089
AGB,Geo,37,0.3765432834625244
AGB,Fixed250_sealed,37,0.4130052328109741
AGB,Fixed250_dir,37,0.4164595603942871
AGB,QG,37,0.4067099094390869
AGB,AD05,37,0.40916454792022705
AGB,AD10,37,0.4096207022666931
AGB,Geo,61,0.38891321420669556
AGB,Fixed250_sealed,61,0.43769371509552
AGB,Fixed250_dir,61,0.43820637464523315
AGB,QG,61,0.4389805197715759
AGB,AD05,61,0.4351040720939636
AGB,AD10,61,0.43004101514816284
AGB,Geo,73,0.34930944442749023
AGB,Fixed250_sealed,73,0.38683366775512695
AGB,Fixed250_dir,73,0.38126277923583984
AGB,QG,73,0.3873840570449829
AGB,AD05,73,0.38054436445236206
AGB,AD10,73,0.37902140617370605
AGB,Geo,97,0.32049328088760376
AGB,Fixed250_sealed,97,0.37120914459228516
AGB,Fixed250_dir,97,0.3678430914878845
AGB,QG,97,0.36806535720825195
AGB,AD05,97,0.3713077902793884
AGB,AD10,97,0.3716086745262146
AGB,Geo,101,0.35544222593307495
AGB,Fixed250_sealed,101,0.41559815406799316
AGB,Fixed250_dir,101,0.4110257029533386
AGB,QG,101,0.4110344648361206
AGB,AD05,101,0.40840762853622437
AGB,AD10,101,0.406424343585968
