task,variant,n_edges_dir,mad_y
AGB,Geo,132760,33.40572461584815
AGB,Fixed250_sealed,121396,30.738937032521665
AGB,Fixed250_dir,60698,30.71080162370879
AGB,QG,65624,31.456143557871005
AGB,AD05,61542,30.79586251832546
AGB,AD10,61785,30.97753868157587
LST,Geo,140760,1.9793303554863273
LST,Fixed250_sealed,128476,1.9185280379194096
LST,QG,69621,1.8206103342445608
LST,AD05,65145,1.9464557752173102
LST,AD10,65339,1.9589580285868535
NDVI,Geo,132760,0.14732731487514744
NDVI,Fixed250_sealed,121396,0.09934353586740265
NDVI,QG,65624,0.11406888313357463
NDVI,AD05,61542,0.09684665223731115
NDVI,AD10,61785,0.09598473979950461
