task,variant,r2_mean,r2_std,dR2_vs_Geo,p_vs_Geo
AGB,Geo,0.3617851912975311,0.018647660707082712,0.0,
AGB,Fixed250_sealed,0.4094598054885864,0.022965986521924737,0.0476746141910553,6.003125600017398e-07
AGB,Fixed250_dir,0.40696669816970826,0.023419288265133283,0.045181506872177125,5.780538286753553e-07
AGB,QG,0.404679673910141,0.019639177002889703,0.04289448261260986,1.500512546098836e-07
AGB,AD05,0.4050179302692413,0.021643641177552946,0.043232738971710205,9.922539709863973e-07
AGB,AD10,0.40504810214042664,0.021403404933380037,0.043262910842895505,8.018257803040853e-07
LST,Geo,0.8093769490718842,0.012364006009791343,0.0,
LST,Fixed250_sealed,0.7904557347297668,0.012585714120812263,-0.01892121434211731,0.00011889508631276117
LST,QG,0.8119706749916077,0.011550779231616348,0.0025937259197235107,0.21524684837520466
LST,AD05,0.7881795108318329,0.014610457263973281,-0.02119743824005127,0.0001377718245395241
LST,AD10,0.7867152631282807,0.01399904367058513,-0.022661685943603516,3.619521147208657e-05
NDVI,Geo,0.3778675138950348,0.01883673435062479,0.0,
NDVI,Fixed250_sealed,0.6377967715263366,0.011962526267403323,0.25992925763130187,2.642214585056989e-14
NDVI,QG,0.5746226966381073,0.014317270443281493,0.19675518274307252,1.7665310975724184e-13
NDVI,AD05,0.6418244659900665,0.012773302961098142,0.2639569520950317,7.228638336152956e-14
NDVI,AD10,0.6420148432254791,0.015120388049343762,0.2641473293304443,2.8587002424433864e-13
