method,seed,r2,rmse,mae,best_epoch
RF,42,0.37250372238457574,0.7752724771783748,0.5991692427388746,0
RF,123,0.35484894727385463,0.8296838579041677,0.6393022452502775,0
RF,2025,0.3521855089525203,0.8002656026504265,0.6101878048980651,0
RF,7,0.3754067352921625,0.7802033077574603,0.6107261823888609,0
RF,13,0.38389590192723266,0.8125838805731552,0.6114423858511981,0
RF,37,0.37592611841137624,0.7868319542319947,0.6018485403618172,0
RF,61,0.3895588096385171,0.8089073274017792,0.6150604543845007,0
RF,73,0.3577750195520666,0.7906971660138034,0.6136345929758329,0
RF,97,0.30842298438848303,0.8072041817131324,0.6208070974517181,0
RF,101,0.3701788625405923,0.7748780169177814,0.595264811575405,0
MLP,42,0.37581580877304077,0.7732237318148486,0.5926011204719543,280
MLP,123,0.38635456562042236,0.8091716820286096,0.6205403804779053,190
MLP,2025,0.36104440689086914,0.7947749346517169,0.6042659878730774,220
MLP,7,0.3915344476699829,0.7700645806119044,0.6026266813278198,300
MLP,13,0.4023934602737427,0.8002926335965398,0.6039873957633972,300
MLP,37,0.4011237621307373,0.7707837363774663,0.5894609689712524,200
MLP,61,0.3906499147415161,0.8081840546074103,0.6112395524978638,190
MLP,73,0.3715827465057373,0.7821510840491538,0.604026734828949,300
MLP,97,0.32935333251953125,0.7948954809807348,0.606938362121582,270
MLP,101,0.37760239839553833,0.7702978740177978,0.5947007536888123,200
GCN+Geo,42,0.36253905296325684,0.7814039078745822,0.6060587167739868,290
GCN+Geo,123,0.36884814500808716,0.8206327630610629,0.6319006681442261,300
GCN+Geo,2025,0.3558051586151123,0.7980267298578965,0.621690571308136,300
GCN+Geo,7,0.3654937148094177,0.7863703209006064,0.617466926574707,300
GCN+Geo,13,0.3740953207015991,0.8190213896598036,0.6319544911384583,280
GCN+Geo,37,0.37651175260543823,0.7864627122230813,0.6097017526626587,300
GCN+Geo,61,0.3890199661254883,0.8092642321697715,0.6260742545127869,270
GCN+Geo,73,0.34848153591156006,0.796397645876522,0.6226475834846497,300
GCN+Geo,97,0.3204752802848816,0.8001395655127039,0.6159917712211609,270
GCN+Geo,101,0.3553810119628906,0.7839281716797266,0.6104118227958679,290
GCN+EGSG,42,0.4016541838645935,0.7570506326656521,0.579444408416748,300
GCN+EGSG,123,0.42490267753601074,0.7833441324368896,0.6037823557853699,290
GCN+EGSG,2025,0.38248002529144287,0.7813296849620752,0.5988702178001404,300
GCN+EGSG,7,0.4308396577835083,0.7447773769759578,0.5792019367218018,300
GCN+EGSG,13,0.43040066957473755,0.7813145038678824,0.5945485830307007,300
GCN+EGSG,37,0.4147648811340332,0.76195475516824,0.5825175046920776,300
GCN+EGSG,61,0.4379078149795532,0.7762124729146107,0.5856375694274902,290
GCN+EGSG,73,0.38683420419692993,0.7726015139054159,0.5939780473709106,290
GCN+EGSG,97,0.3713071346282959,0.7696306967983707,0.5883113741874695,300
GCN+EGSG,101,0.4155498147010803,0.7464461368207089,0.5764831304550171,300
SAGE+Geo,42,0.4078596234321594,0.7531147097442544,0.5766016840934753,160
SAGE+Geo,123,0.43118828535079956,0.7790515102280025,0.5958026051521301,160
SAGE+Geo,2025,0.4050459861755371,0.7669207837677772,0.5821126699447632,210
SAGE+Geo,7,0.42137640714645386,0.7509434249968029,0.582697331905365,270
SAGE+Geo,13,0.42900097370147705,0.7822738804596364,0.5929114818572998,160
SAGE+Geo,37,0.4272196292877197,0.7538033449771314,0.5717253684997559,130
SAGE+Geo,61,0.44663870334625244,0.7701604758897601,0.581721842288971,150
SAGE+Geo,73,0.3947489857673645,0.7675989356871955,0.5916409492492676,180
SAGE+Geo,97,0.35801875591278076,0.777721830656776,0.5904486775398254,150
SAGE+Geo,101,0.42445510625839233,0.7407375024905771,0.5692967176437378,220
SAGE+EGSG,42,0.4171673059463501,0.7471722701565506,0.5724647045135498,190
SAGE+EGSG,123,0.42384183406829834,0.7840663120120853,0.6007128357887268,130
SAGE+EGSG,2025,0.39234137535095215,0.7750659330070685,0.5926685333251953,240
SAGE+EGSG,7,0.4350683093070984,0.7420054965471131,0.5770624279975891,240
SAGE+EGSG,13,0.43006807565689087,0.7815425706447935,0.5937442183494568,160
SAGE+EGSG,37,0.42009615898132324,0.758476281229629,0.5752534866333008,160
SAGE+EGSG,61,0.43984735012054443,0.7748721524891022,0.5853188037872314,130
SAGE+EGSG,73,0.39038580656051636,0.7703607416425756,0.5874438285827637,150
SAGE+EGSG,97,0.3650374412536621,0.7734588080659569,0.5888346433639526,200
SAGE+EGSG,101,0.4185441732406616,0.7445315237935415,0.5745137929916382,190
GAT+Geo,42,0.3686978816986084,0.7776200076766021,0.6063937544822693,190
GAT+Geo,123,0.3742595911026001,0.8171071598392422,0.6272199153900146,290
GAT+Geo,2025,0.3600154519081116,0.7954146149137428,0.614846408367157,300
GAT+Geo,7,0.383695125579834,0.7750093690244352,0.6080501675605774,300
GAT+Geo,13,0.38433051109313965,0.8122972088611912,0.6308075189590454,210
GAT+Geo,37,0.3810098171234131,0.7836206707271193,0.6105898022651672,200
GAT+Geo,61,0.3743935227394104,0.8188935860096993,0.6300122141838074,160
GAT+Geo,73,0.34671592712402344,0.7974759995726575,0.6166232228279114,300
GAT+Geo,97,0.33812111616134644,0.7896822770930615,0.6049057245254517,270
GAT+Geo,101,0.3630780577659607,0.7792338869266535,0.6072006225585938,300
GAT+EGSG,42,0.42834001779556274,0.7399760980869932,0.5668119788169861,300
GAT+EGSG,123,0.4400796890258789,0.7729386541592851,0.5890024900436401,300
GAT+EGSG,2025,0.403855562210083,0.7676876465603879,0.5915873050689697,300
GAT+EGSG,7,0.43360769748687744,0.7429640873101834,0.5783920288085938,300
GAT+EGSG,13,0.4506292939186096,0.7673153803697442,0.5827206373214722,260
GAT+EGSG,37,0.4235674738883972,0.7562027183443499,0.5811260938644409,300
GAT+EGSG,61,0.4531574845314026,0.7656106752885063,0.5819749236106873,260
GAT+EGSG,73,0.40686923265457153,0.7598744292422581,0.5826141238212585,300
GAT+EGSG,97,0.37951362133026123,0.7645911418159196,0.5849099159240723,300
GAT+EGSG,101,0.4260050058364868,0.7397394463268779,0.5755019783973694,300
APPNP+Geo,42,0.37259823083877563,0.7752140718565661,0.6052910089492798,300
APPNP+Geo,123,0.3707788586616516,0.8193766387178167,0.6282275915145874,300
APPNP+Geo,2025,0.34873974323272705,0.8023910716512817,0.6260112524032593,300
APPNP+Geo,7,0.3808203339576721,0.77681480315666,0.611605167388916,300
APPNP+Geo,13,0.37114155292510986,0.8209517032133752,0.6344256401062012,300
APPNP+Geo,37,0.3658309578895569,0.7931704710903683,0.6105685234069824,300
APPNP+Geo,61,0.37433570623397827,0.8189314342717534,0.6309160590171814,300
APPNP+Geo,73,0.3564230799674988,0.7915289826041932,0.6175221800804138,300
APPNP+Geo,97,0.33172607421875,0.7934880552829059,0.6086916923522949,300
APPNP+Geo,101,0.3523814082145691,0.785749979570797,0.6080805063247681,300
APPNP+EGSG,42,0.3923291563987732,0.7629270311488744,0.5914607644081116,300
APPNP+EGSG,123,0.4033955931663513,0.7978572028158,0.6120312213897705,300
APPNP+EGSG,2025,0.3663039803504944,0.7914970534143887,0.6088139414787292,300
APPNP+EGSG,7,0.4099771976470947,0.7583043576737739,0.5947537422180176,300
APPNP+EGSG,13,0.39996492862701416,0.8019170753934897,0.6120840907096863,300
APPNP+EGSG,37,0.39136946201324463,0.7770355226946564,0.5945096015930176,300
APPNP+EGSG,61,0.42027270793914795,0.7882949192763629,0.5997247099876404,300
APPNP+EGSG,73,0.37245649099349976,0.7816071647562614,0.5998799204826355,300
APPNP+EGSG,97,0.35178470611572266,0.7814888016989998,0.59828782081604,300
APPNP+EGSG,101,0.3831820487976074,0.7668373085589956,0.5940925478935242,300
