task,method,seed,r2,rmse,mae,best_epoch
LST,RF,42,0.7393083373294602,0.5116464026455796,0.3912727063711339,
LST,MLP,42,0.7044792175292969,0.544753920400517,0.4102949798107147,300.0
LST,Geo-GCN,42,0.8166232109069824,0.4291197927888534,0.3256823718547821,300.0
LST,EGSG-GCN,42,0.7993438243865967,0.4488824663723073,0.34653547406196594,300.0
LST,RF,123,0.7219504364278111,0.5199606024150912,0.397668479020818,
LST,MLP,123,0.7197989225387573,0.5219684026132664,0.3976304829120636,300.0
LST,Geo-GCN,123,0.8157434463500977,0.42327318909757716,0.32327258586883545,300.0
LST,EGSG-GCN,123,0.7889068126678467,0.4530503277253188,0.3540780246257782,300.0
LST,RF,2025,0.7240942821735856,0.5416360059946225,0.4083209765260021,
LST,MLP,2025,0.7023258209228516,0.5625974252889377,0.42217081785202026,300.0
LST,Geo-GCN,2025,0.8180214166641235,0.4398831615780285,0.33978402614593506,300.0
LST,EGSG-GCN,2025,0.7935880422592163,0.4684838015963107,0.36968353390693665,300.0
LST,RF,7,0.7343803090978289,0.5117599544076129,0.39197175821923946,
LST,MLP,7,0.6865930557250977,0.5558920930413664,0.4211481213569641,300.0
LST,Geo-GCN,7,0.8092150688171387,0.43371877500180933,0.330281525850296,300.0
LST,EGSG-GCN,7,0.7892519235610962,0.4558458033668641,0.3581947386264801,300.0
LST,RF,13,0.7111795509177372,0.5305279904248524,0.4090452683355018,
LST,MLP,13,0.676128625869751,0.5617985325209157,0.4244721233844757,300.0
LST,Geo-GCN,13,0.8040136694908142,0.43702592027487747,0.3388936221599579,300.0
LST,EGSG-GCN,13,0.7820448875427246,0.4608693799906641,0.36430680751800537,300.0
LST,RF,37,0.7412192765901728,0.4928317577923398,0.38328975133102444,
LST,MLP,37,0.7211015224456787,0.5116297811960012,0.39295056462287903,300.0
LST,Geo-GCN,37,0.8059531450271606,0.42676228187018916,0.32850340008735657,300.0
LST,EGSG-GCN,37,0.7885098457336426,0.44553087133849173,0.3501935303211212,300.0
LST,RF,61,0.7076909391922539,0.5215881759138795,0.39686207401407264,
LST,MLP,61,0.6860374808311462,0.5405619678245498,0.40913650393486023,300.0
LST,Geo-GCN,61,0.7862353324890137,0.44604077934926395,0.3416300117969513,300.0
LST,EGSG-GCN,61,0.7644807696342468,0.46818747145622513,0.3638695776462555,300.0
LST,RF,73,0.7233676978377117,0.5272027980598487,0.4006006081746966,
LST,MLP,73,0.6962751150131226,0.5524162752053522,0.42696189880371094,300.0
LST,Geo-GCN,73,0.8207089900970459,0.42442943617129225,0.32201623916625977,290.0
LST,EGSG-GCN,73,0.7895209193229675,0.4598653576589948,0.3587203323841095,290.0
LST,RF,97,0.7190144178254048,0.5308206624297039,0.3970713171518688,
LST,MLP,97,0.6977600455284119,0.5505309652252076,0.41560980677604675,300.0
LST,Geo-GCN,97,0.7927772998809814,0.45585260263624505,0.34182456135749817,300.0
LST,EGSG-GCN,97,0.794685959815979,0.4537484057059535,0.3534592092037201,300.0
LST,RF,101,0.7530639639894856,0.5011063913332773,0.38252519940153495,
LST,MLP,101,0.7223763465881348,0.5313319535714155,0.4048973023891449,300.0
LST,Geo-GCN,101,0.8244779109954834,0.4224774685895516,0.3259773552417755,300.0
LST,EGSG-GCN,101,0.814224362373352,0.4346424000131232,0.34546083211898804,300.0
NDVI,RF,42,0.6691496039214693,0.5712303390702744,0.4101057350472137,
NDVI,MLP,42,0.6479020118713379,0.5892874513328019,0.42508789896965027,300.0
NDVI,Geo-GCN,42,0.38671547174453735,0.7777257009699816,0.5718396902084351,300.0
NDVI,EGSG-GCN,42,0.647294282913208,0.5897958243396549,0.4193159341812134,300.0
NDVI,RF,123,0.6928476781520305,0.558195776989915,0.39752227548285174,
NDVI,MLP,123,0.6704701781272888,0.5781719343362042,0.41534677147865295,300.0
NDVI,Geo-GCN,123,0.41115570068359375,0.7728761504693918,0.5651113390922546,300.0
NDVI,EGSG-GCN,123,0.6594510078430176,0.5877592377206463,0.4225904047489166,300.0
NDVI,RF,2025,0.6321516370270601,0.5734881674156185,0.4041734114860731,
NDVI,MLP,2025,0.5951128005981445,0.6016681875551326,0.4284786581993103,300.0
NDVI,Geo-GCN,2025,0.3522259593009949,0.7610300716669377,0.5715662837028503,300.0
NDVI,EGSG-GCN,2025,0.6175224781036377,0.5847806318315794,0.41509053111076355,300.0
NDVI,RF,7,0.6564977199620252,0.57963942530845,0.41354244450164795,
NDVI,MLP,7,0.6481258869171143,0.5866603461606029,0.4232194423675537,300.0
NDVI,Geo-GCN,7,0.3953632116317749,0.7690248711288233,0.5770936608314514,280.0
NDVI,EGSG-GCN,7,0.6445274353027344,0.5896525041377422,0.42089468240737915,300.0
NDVI,RF,13,0.650842385210545,0.582576392003529,0.41359817286345774,
NDVI,MLP,13,0.6291202306747437,0.6004249170818781,0.42999470233917236,300.0
NDVI,Geo-GCN,13,0.3711928129196167,0.7818093776837229,0.5768814086914062,300.0
NDVI,EGSG-GCN,13,0.6276689767837524,0.6015985156090411,0.4298821985721588,300.0
NDVI,RF,37,0.6624485243451486,0.5949409993893974,0.41948651574764123,
NDVI,MLP,37,0.6545127034187317,0.601893891050941,0.43229904770851135,300.0
NDVI,Geo-GCN,37,0.3978784680366516,0.794595299823858,0.5899567008018494,300.0
NDVI,EGSG-GCN,37,0.6438884735107422,0.6110784002301165,0.4344513714313507,300.0
NDVI,RF,61,0.6641848812493623,0.5852149961751801,0.4145536065627458,
NDVI,MLP,61,0.6481204032897949,0.5990490360965779,0.4264007806777954,300.0
NDVI,Geo-GCN,61,0.3705512285232544,0.801208419375526,0.6025166511535645,300.0
NDVI,EGSG-GCN,61,0.6397731304168701,0.6061126730419251,0.43332934379577637,300.0
NDVI,RF,73,0.6590766647763603,0.6076401089018107,0.4256343190101235,
NDVI,MLP,73,0.6496565341949463,0.6159778522916053,0.4395439922809601,290.0
NDVI,Geo-GCN,73,0.36385393142700195,0.8300351838617229,0.6058511734008789,300.0
NDVI,EGSG-GCN,73,0.6331993341445923,0.6302794397976775,0.4472067952156067,300.0
NDVI,RF,97,0.6687807305049613,0.576144179994814,0.4208731937547389,
NDVI,MLP,97,0.6471633315086365,0.5946484093138896,0.4290727376937866,300.0
NDVI,Geo-GCN,97,0.36256563663482666,0.7992656600773461,0.6033329963684082,300.0
NDVI,EGSG-GCN,97,0.6372088193893433,0.6029784147976219,0.4391315281391144,300.0
NDVI,RF,101,0.6479373089629961,0.5745288045825923,0.39675628920336553,
NDVI,MLP,101,0.6451961398124695,0.576761131910053,0.40275758504867554,260.0
NDVI,Geo-GCN,101,0.3671727180480957,0.7702725707687221,0.5644158124923706,280.0
NDVI,EGSG-GCN,101,0.6274337768554688,0.5910218706828391,0.4145813584327698,300.0
