method,seed,r2
Geo-GCN,42,0.36522364616394043
Geo-GCN,123,0.3685987591743469
Geo-GCN,2025,0.35604584217071533
Geo-GCN,7,0.36893802881240845
Geo-GCN,13,0.3754635453224182
Geo-GCN,37,0.3777913451194763
Geo-GCN,61,0.39156419038772583
Geo-GCN,73,0.3471459746360779
Geo-GCN,97,0.31823664903640747
Geo-GCN,101,0.354744017124176
EGSG-drop,42,0.4052445888519287
EGSG-drop,123,0.4239335060119629
EGSG-drop,2025,0.3864355683326721
EGSG-drop,7,0.42966794967651367
EGSG-drop,13,0.42108243703842163
EGSG-drop,37,0.41478127241134644
EGSG-drop,61,0.4370877742767334
EGSG-drop,73,0.38656407594680786
EGSG-drop,97,0.37354403734207153
EGSG-drop,101,0.41468173265457153
EGSG-backfill,42,0.40121304988861084
EGSG-backfill,123,0.42188018560409546
EGSG-backfill,2025,0.38668882846832275
EGSG-backfill,7,0.43060302734375
EGSG-backfill,13,0.425682008266449
EGSG-backfill,37,0.4110475778579712
EGSG-backfill,61,0.4384569525718689
EGSG-backfill,73,0.38571053743362427
EGSG-backfill,97,0.37089478969573975
EGSG-backfill,101,0.4171268939971924
