lr,seed,Geo_r2,EGSG_r2,dR2
0.0005,42,0.38021886348724365,0.6284552812576294,0.24823641777038574
0.0005,123,0.39611536264419556,0.6413665413856506,0.24525117874145508
0.0005,2025,0.34027189016342163,0.5865880250930786,0.24631613492965698
0.001,42,0.38671547174453735,0.647294282913208,0.26057881116867065
0.001,123,0.41115570068359375,0.6594510078430176,0.24829530715942383
0.001,2025,0.3522259593009949,0.6175224781036377,0.2652965188026428
0.002,42,0.3931925892829895,0.6594258546829224,0.26623326539993286
0.002,123,0.4150286316871643,0.670887291431427,0.2558586597442627
0.002,2025,0.36296945810317993,0.6329451203346252,0.2699756622314453
