task,tau,seed,r2
AGB,Geo,42,0.3624
AGB,Geo,123,0.369
AGB,Geo,2025,0.3555
AGB,Geo,7,0.3654
AGB,Geo,13,0.3748
AGB,Geo,37,0.3765
AGB,Geo,61,0.3889
AGB,Geo,73,0.3493
AGB,Geo,97,0.3205
AGB,Geo,101,0.3554
AGB,100,42,0.388
AGB,100,123,0.4101
AGB,100,2025,0.367
AGB,100,7,0.4268
AGB,100,13,0.4114
AGB,100,37,0.3937
AGB,100,61,0.4148
AGB,100,73,0.3725
AGB,100,97,0.3524
AGB,100,101,0.4077
AGB,250,42,0.4017
AGB,250,123,0.425
AGB,250,2025,0.3824
AGB,250,7,0.4308
AGB,250,13,0.4304
AGB,250,37,0.413
AGB,250,61,0.4377
AGB,250,73,0.3868
AGB,250,97,0.3712
AGB,250,101,0.4156
AGB,500,42,0.4052
AGB,500,123,0.4084
AGB,500,2025,0.3968
AGB,500,7,0.4277
AGB,500,13,0.4163
AGB,500,37,0.4115
AGB,500,61,0.444
AGB,500,73,0.3865
AGB,500,97,0.3717
AGB,500,101,0.4122
AGB,1000,42,0.385
AGB,1000,123,0.3819
AGB,1000,2025,0.3633
AGB,1000,7,0.3968
AGB,1000,13,0.3931
AGB,1000,37,0.3946
AGB,1000,61,0.4168
AGB,1000,73,0.3497
AGB,1000,97,0.3364
AGB,1000,101,0.3706
LST,Geo,42,0.8166232109069824
LST,Geo,123,0.8157434463500977
LST,Geo,2025,0.8180214166641235
LST,Geo,7,0.8092150688171387
LST,Geo,13,0.8040136694908142
LST,Geo,37,0.8059531450271606
LST,Geo,61,0.7862353324890137
LST,Geo,73,0.8207089900970459
LST,Geo,97,0.7927772998809814
LST,Geo,101,0.8244779109954834
LST,100,42,0.7788656949996948
LST,100,123,0.7760196924209595
LST,100,2025,0.764119565486908
LST,100,7,0.7700985670089722
LST,100,13,0.7532943487167358
LST,100,37,0.7760511636734009
LST,100,61,0.7435411214828491
LST,100,73,0.772205650806427
LST,100,97,0.7717539072036743
LST,100,101,0.7901009917259216
LST,250,42,0.7993438243865967
LST,250,123,0.7889068126678467
LST,250,2025,0.7935880422592163
LST,250,7,0.7892519235610962
LST,250,13,0.7820448875427246
LST,250,37,0.7885098457336426
LST,250,61,0.7644807696342468
LST,250,73,0.7895209193229675
LST,250,97,0.794685959815979
LST,250,101,0.814224362373352
LST,500,42,0.8181583285331726
LST,500,123,0.8161776661872864
LST,500,2025,0.8179744482040405
LST,500,7,0.8063803911209106
LST,500,13,0.8028514385223389
LST,500,37,0.8104087114334106
LST,500,61,0.7900480031967163
LST,500,73,0.8184148669242859
LST,500,97,0.8029094934463501
LST,500,101,0.8314909934997559
LST,1000,42,0.8287299871444702
LST,1000,123,0.831125795841217
LST,1000,2025,0.8365045189857483
LST,1000,7,0.8259149193763733
LST,1000,13,0.8182923793792725
LST,1000,37,0.8225520253181458
LST,1000,61,0.8065823316574097
LST,1000,73,0.8373204469680786
LST,1000,97,0.806861162185669
LST,1000,101,0.8374006748199463
NDVI,Geo,42,0.38671547174453735
NDVI,Geo,123,0.41115570068359375
NDVI,Geo,2025,0.3522259593009949
NDVI,Geo,7,0.3953632116317749
NDVI,Geo,13,0.3711928129196167
NDVI,Geo,37,0.3978784680366516
NDVI,Geo,61,0.3705512285232544
NDVI,Geo,73,0.36385393142700195
NDVI,Geo,97,0.36256563663482666
NDVI,Geo,101,0.3671727180480957
NDVI,100,42,0.6583016514778137
NDVI,100,123,0.6765483021736145
NDVI,100,2025,0.6217535734176636
NDVI,100,7,0.6538182497024536
NDVI,100,13,0.6351827383041382
NDVI,100,37,0.6576564908027649
NDVI,100,61,0.6510924100875854
NDVI,100,73,0.6536877155303955
NDVI,100,97,0.644348680973053
NDVI,100,101,0.6510236263275146
NDVI,250,42,0.647294282913208
NDVI,250,123,0.6594510078430176
NDVI,250,2025,0.6175224781036377
NDVI,250,7,0.6445274353027344
NDVI,250,13,0.6276689767837524
NDVI,250,37,0.6438884735107422
NDVI,250,61,0.6397731304168701
NDVI,250,73,0.6331993341445923
NDVI,250,97,0.6372088193893433
NDVI,250,101,0.6274337768554688
NDVI,500,42,0.5758326053619385
NDVI,500,123,0.5708078145980835
NDVI,500,2025,0.5308071374893188
NDVI,500,7,0.5695462822914124
NDVI,500,13,0.5453648567199707
NDVI,500,37,0.5710657835006714
NDVI,500,61,0.5641268491744995
NDVI,500,73,0.5465052127838135
NDVI,500,97,0.5493885278701782
NDVI,500,101,0.5421350002288818
NDVI,1000,42,0.4429330825805664
NDVI,1000,123,0.45758527517318726
NDVI,1000,2025,0.40416282415390015
NDVI,1000,7,0.44259852170944214
NDVI,1000,13,0.41690194606781006
NDVI,1000,37,0.45462894439697266
NDVI,1000,61,0.4340118169784546
NDVI,1000,73,0.42295289039611816
NDVI,1000,97,0.4110408425331116
NDVI,1000,101,0.4245895743370056
