task,tau,n,mad_y,mad_h,n_edges
AGB,100,6638,29.96319530450703,49.700026960329126,37142
AGB,250,6638,30.738937032521665,122.58596287153479,60698
AGB,500,6638,31.528630339181642,235.34751872050003,65717
AGB,1000,6638,32.86332409304568,404.79179897823906,66376
LST,100,7038,1.9887684566146926,49.60972425072405,39111
LST,250,7038,1.9185280379194096,122.51688876096324,64238
LST,500,7038,1.8131077505903523,235.79589694291397,69696
LST,1000,7038,1.8300118052201266,405.80688464373316,70375
NDVI,100,6638,0.09637059304490399,49.700026960329126,37142
NDVI,250,6638,0.09934353586740265,122.58596287153479,60698
NDVI,500,6638,0.11579848284337967,235.34751872050003,65717
NDVI,1000,6638,0.1384168091852797,404.79179897823906,66376
