task,split,comparison,method_a_mean,method_b_mean,mean_diff,paired_t_pvalue,paired_cohens_d
LST,random,EGSG-GCN vs Geo-GCN,0.7904557347297668,0.8093769490718842,-0.018921214342117354,0.00011889508631276117,-2.0379499849381806
LST,random,EGSG-GCN vs RF,0.7904557347297668,0.7275269211381452,0.06292881359162161,2.3086900393636756e-09,7.383596155339796
LST,random,EGSG-GCN vs MLP,0.7904557347297668,0.7012876152992249,0.08916811943054193,5.162846037272792e-09,6.7420773081989225
LST,random,Geo-GCN vs RF,0.8093769490718842,0.7275269211381452,0.08185002793373897,3.2789661384620074e-09,7.096982398338942
LST,random,Geo-GCN vs MLP,0.8093769490718842,0.7012876152992249,0.10808933377265928,2.165105117493265e-09,7.437253064630846
LST,buffer_30km,EGSG-GCN vs Geo-GCN,0.4453670859336853,0.46269461512565613,-0.017327529191970836,0.08227275661825818,-0.6182977206668475
LST,buffer_30km,EGSG-GCN vs RF,0.4453670859336853,0.12163774532976632,0.323729340603919,1.4486640223204402e-11,13.036734468954812
LST,buffer_30km,EGSG-GCN vs MLP,0.4453670859336853,0.03203645348548885,0.41333063244819646,1.0260921466040175e-10,10.474417212791524
LST,buffer_30km,Geo-GCN vs RF,0.46269461512565613,0.12163774532976632,0.3410568697958898,9.610693066553207e-10,8.149543990854745
LST,buffer_30km,Geo-GCN vs MLP,0.46269461512565613,0.03203645348548885,0.4306581616401673,1.3155735169036175e-10,10.186989970041044
NDVI,random,EGSG-GCN vs Geo-GCN,0.6377967715263366,0.3778675138950348,0.2599292576313018,2.642214585057015e-14,26.32015540260459
NDVI,random,EGSG-GCN vs RF,0.6377967715263366,0.6603917134111958,-0.02259494188485922,2.204859898952814e-06,-3.3508787495478605
NDVI,random,EGSG-GCN vs MLP,0.6377967715263366,0.6435380220413208,-0.0057412505149841975,0.14690211412440157,-0.5019550300188824
NDVI,random,Geo-GCN vs RF,0.3778675138950348,0.6603917134111958,-0.28252419951616103,2.098503657352782e-13,-20.89993370026716
NDVI,random,Geo-GCN vs MLP,0.3778675138950348,0.6435380220413208,-0.265670508146286,7.753079728316813e-13,-18.069457047290715
NDVI,buffer_30km,EGSG-GCN vs Geo-GCN,0.1883674323558807,-0.05022362470626827,0.23859105706214895,6.014450429807902e-08,5.0987788085641075
NDVI,buffer_30km,EGSG-GCN vs RF,0.1883674323558807,0.3628585200470109,-0.17449108769113023,5.1537762295541855e-09,-6.743418279519798
NDVI,buffer_30km,EGSG-GCN vs MLP,0.1883674323558807,0.30397407412528993,-0.11560664176940924,1.2316735253989743e-06,-3.590528244288238
NDVI,buffer_30km,Geo-GCN vs RF,-0.05022362470626827,0.3628585200470109,-0.4130821447532792,8.15488246757597e-11,-10.747211722171368
NDVI,buffer_30km,Geo-GCN vs MLP,-0.05022362470626827,0.30397407412528993,-0.3541976988315582,5.146888516180961e-10,-8.742059530921528
LST,buffer_30km,random vs buffer_30km (RF),0.7275269211381452,0.12163774532976632,0.6058891758083789,4.978436600518624e-13,18.983303718024544
LST,buffer_30km,random vs buffer_30km (MLP),0.7012876152992249,0.03203645348548885,0.669251161813736,1.4109344755886595e-13,21.84414850150184
LST,buffer_30km,random vs buffer_30km (Geo-GCN),0.8093769490718842,0.46269461512565613,0.34668233394622805,3.8029342831683465e-10,9.044147842535363
LST,buffer_30km,random vs buffer_30km (EGSG-GCN),0.7904557347297668,0.4453670859336853,0.34508864879608153,4.2239677503906405e-11,11.56775047953657
NDVI,buffer_30km,random vs buffer_30km (RF),0.6603917134111958,0.3628585200470109,0.29753319336418493,2.272608969641018e-13,20.71531452171434
NDVI,buffer_30km,random vs buffer_30km (MLP),0.6435380220413208,0.30397407412528993,0.3395639479160309,7.188626627678562e-12,14.09720379165206
NDVI,buffer_30km,random vs buffer_30km (Geo-GCN),0.3778675138950348,-0.05022362470626827,0.4280911386013031,8.46610605120821e-11,10.702263090020834
NDVI,buffer_30km,random vs buffer_30km (EGSG-GCN),0.6377967715263366,0.1883674323558807,0.4494293391704559,1.2903406479315671e-12,17.072564551947483
