task,split,method,seed,r2,rmse,mae,best_epoch
LST,random,RF,42,0.7393083373294602,0.5116464026455796,0.3912727063711339,
LST,random,MLP,42,0.7044792175292969,0.544753920400517,0.4102949798107147,300
LST,random,Geo-GCN,42,0.8166232109069824,0.4291197927888534,0.3256823718547821,300
LST,random,EGSG-GCN,42,0.7993438243865967,0.4488824663723073,0.34653547406196594,300
LST,random,RF,123,0.7219504364278111,0.5199606024150912,0.397668479020818,
LST,random,MLP,123,0.7197989225387573,0.5219684026132664,0.3976304829120636,300
LST,random,Geo-GCN,123,0.8157434463500977,0.42327318909757716,0.32327258586883545,300
LST,random,EGSG-GCN,123,0.7889068126678467,0.4530503277253188,0.3540780246257782,300
LST,random,RF,2025,0.7240942821735856,0.5416360059946225,0.4083209765260021,
LST,random,MLP,2025,0.7023258209228516,0.5625974252889377,0.42217081785202026,300
LST,random,Geo-GCN,2025,0.8180214166641235,0.4398831615780285,0.33978402614593506,300
LST,random,EGSG-GCN,2025,0.7935880422592163,0.4684838015963107,0.36968353390693665,300
LST,random,RF,7,0.7343803090978289,0.511759954407613,0.39197175821923946,
LST,random,MLP,7,0.6865930557250977,0.5558920930413664,0.4211481213569641,300
LST,random,Geo-GCN,7,0.8092150688171387,0.43371877500180933,0.330281525850296,300
LST,random,EGSG-GCN,7,0.7892519235610962,0.4558458033668641,0.3581947386264801,300
LST,random,RF,13,0.7111795509177372,0.5305279904248524,0.4090452683355018,
LST,random,MLP,13,0.676128625869751,0.5617985325209157,0.4244721233844757,300
LST,random,Geo-GCN,13,0.8040136694908142,0.43702592027487747,0.3388936221599579,300
LST,random,EGSG-GCN,13,0.7820448875427246,0.4608693799906641,0.36430680751800537,300
LST,random,RF,37,0.7412192765901728,0.4928317577923398,0.38328975133102433,
LST,random,MLP,37,0.7211015224456787,0.5116297811960012,0.39295056462287903,300
LST,random,Geo-GCN,37,0.8059531450271606,0.42676228187018916,0.32850340008735657,300
LST,random,EGSG-GCN,37,0.7885098457336426,0.44553087133849173,0.3501935303211212,300
LST,random,RF,61,0.7076909391922539,0.5215881759138795,0.39686207401407264,
LST,random,MLP,61,0.6860374808311462,0.5405619678245498,0.40913650393486023,300
LST,random,Geo-GCN,61,0.7862353324890137,0.44604077934926395,0.3416300117969513,300
LST,random,EGSG-GCN,61,0.7644807696342468,0.46818747145622513,0.3638695776462555,300
LST,random,RF,73,0.7233676978377117,0.5272027980598487,0.4006006081746966,
LST,random,MLP,73,0.6962751150131226,0.5524162752053522,0.42696189880371094,300
LST,random,Geo-GCN,73,0.8207089900970459,0.42442943617129225,0.32201623916625977,290
LST,random,EGSG-GCN,73,0.7895209193229675,0.4598653576589948,0.3587203323841095,290
LST,random,RF,97,0.7190144178254048,0.5308206624297039,0.3970713171518688,
LST,random,MLP,97,0.6977600455284119,0.5505309652252076,0.41560980677604675,300
LST,random,Geo-GCN,97,0.7927772998809814,0.45585260263624505,0.34182456135749817,300
LST,random,EGSG-GCN,97,0.794685959815979,0.4537484057059535,0.3534592092037201,300
LST,random,RF,101,0.7530639639894856,0.5011063913332773,0.38252519940153495,
LST,random,MLP,101,0.7223763465881348,0.5313319535714155,0.4048973023891449,300
LST,random,Geo-GCN,101,0.8244779109954834,0.4224774685895516,0.3259773552417755,300
LST,random,EGSG-GCN,101,0.814224362373352,0.4346424000131232,0.34546083211898804,300
LST,buffer_30km,RF,42,0.13996502147866874,1.087685037720116,0.8415964385178767,
LST,buffer_30km,MLP,42,0.05453735589981079,1.1404264616949207,0.9057655930519104,300
LST,buffer_30km,Geo-GCN,42,0.3994293212890625,0.9089231200781425,0.7148969173431396,300
LST,buffer_30km,EGSG-GCN,42,0.4176960587501526,0.894993658362996,0.7020630240440369,300
LST,buffer_30km,RF,123,0.11213541424961015,1.1037420236198168,0.8453932047782728,
LST,buffer_30km,MLP,123,0.022896409034729004,1.157882517397665,0.9203243851661682,300
LST,buffer_30km,Geo-GCN,123,0.41689759492874146,0.8944717120883974,0.7177834510803223,300
LST,buffer_30km,EGSG-GCN,123,0.43670815229415894,0.8791458481467623,0.6883679628372192,300
LST,buffer_30km,RF,2025,0.13679155925641062,1.0980457581247425,0.8422507319596075,
LST,buffer_30km,MLP,2025,0.06739115715026855,1.1413329553276697,0.9020441770553589,300
LST,buffer_30km,Geo-GCN,2025,0.47981202602386475,0.8523986630884406,0.6751248836517334,300
LST,buffer_30km,EGSG-GCN,2025,0.4552866220474243,0.8722612913018079,0.67586350440979,300
LST,buffer_30km,RF,7,0.09632662427114236,1.117067207778585,0.8592088515541544,
LST,buffer_30km,MLP,7,-0.02595663070678711,1.19024962267422,0.9463008642196655,300
LST,buffer_30km,Geo-GCN,7,0.47809112071990967,0.8489280687488053,0.6720426082611084,300
LST,buffer_30km,EGSG-GCN,7,0.46037501096725464,0.8632161732996902,0.6703474521636963,300
LST,buffer_30km,RF,13,0.14521826166642748,1.0797911161950178,0.8306448054670468,
LST,buffer_30km,MLP,13,0.06413745880126953,1.129843141589649,0.8942201733589172,300
LST,buffer_30km,Geo-GCN,13,0.5007236003875732,0.8252445364271135,0.6498141288757324,300
LST,buffer_30km,EGSG-GCN,13,0.44300544261932373,0.871640876044449,0.683128297328949,300
LST,buffer_30km,RF,37,0.13427334560322202,1.0902616256106508,0.8393266464322582,
LST,buffer_30km,MLP,37,0.02372986078262329,1.1577780652813627,0.9225229620933533,300
LST,buffer_30km,Geo-GCN,37,0.47736310958862305,0.8471110475969218,0.6663881540298462,300
LST,buffer_30km,EGSG-GCN,37,0.4660543203353882,0.8562268595109404,0.6683855652809143,300
LST,buffer_30km,RF,61,0.15296995458480034,1.0750149533300102,0.8292515245281912,
LST,buffer_30km,MLP,61,0.01655668020248413,1.158349888269328,0.9195913672447205,300
LST,buffer_30km,Geo-GCN,61,0.4719327688217163,0.8488084898782949,0.6622195839881897,300
LST,buffer_30km,EGSG-GCN,61,0.4824358820915222,0.8403247963717463,0.6557238698005676,300
LST,buffer_30km,RF,73,0.09008523570392668,1.1214424589048213,0.8662526169226041,
LST,buffer_30km,MLP,73,0.013766050338745117,1.1675261102080665,0.9279413819313049,300
LST,buffer_30km,Geo-GCN,73,0.4425240159034729,0.8777881546419837,0.6917455792427063,300
LST,buffer_30km,EGSG-GCN,73,0.4123101234436035,0.9012613451345476,0.6990870833396912,300
LST,buffer_30km,RF,97,0.11402260201958192,1.095168965036812,0.8437037783002315,
LST,buffer_30km,MLP,97,0.026956260204315186,1.1477201128512289,0.9107933044433594,300
LST,buffer_30km,Geo-GCN,97,0.4518224596977234,0.8614507055963532,0.686667263507843,300
LST,buffer_30km,EGSG-GCN,97,0.4305689334869385,0.8779916370163002,0.6858024001121521,300
LST,buffer_30km,RF,101,0.09458943446387336,1.1106788560886947,0.8510618637691761,
LST,buffer_30km,MLP,101,0.05634993314743042,1.133890835763831,0.8984461426734924,300
LST,buffer_30km,Geo-GCN,101,0.508350133895874,0.8184529253309677,0.6440702676773071,300
LST,buffer_30km,EGSG-GCN,101,0.4492303133010864,0.8662649866764621,0.6776200532913208,300
NDVI,random,RF,42,0.6691496039214693,0.5712303390702744,0.4101057350472137,
NDVI,random,MLP,42,0.6479020118713379,0.5892874513328019,0.42508789896965027,300
NDVI,random,Geo-GCN,42,0.38671547174453735,0.7777257009699816,0.5718396902084351,300
NDVI,random,EGSG-GCN,42,0.647294282913208,0.5897958243396549,0.4193159341812134,300
NDVI,random,RF,123,0.6928476781520305,0.558195776989915,0.39752227548285174,
NDVI,random,MLP,123,0.6704701781272888,0.5781719343362042,0.41534677147865295,300
NDVI,random,Geo-GCN,123,0.41115570068359375,0.7728761504693918,0.5651113390922546,300
NDVI,random,EGSG-GCN,123,0.6594510078430176,0.5877592377206463,0.4225904047489166,300
NDVI,random,RF,2025,0.6321516370270601,0.5734881674156185,0.4041734114860731,
NDVI,random,MLP,2025,0.5951128005981445,0.6016681875551326,0.4284786581993103,300
NDVI,random,Geo-GCN,2025,0.3522259593009949,0.7610300716669377,0.5715662837028503,300
NDVI,random,EGSG-GCN,2025,0.6175224781036377,0.5847806318315794,0.41509053111076355,300
NDVI,random,RF,7,0.6564977199620252,0.57963942530845,0.41354244450164795,
NDVI,random,MLP,7,0.6481258869171143,0.5866603461606029,0.4232194423675537,300
NDVI,random,Geo-GCN,7,0.3953632116317749,0.7690248711288233,0.5770936608314514,280
NDVI,random,EGSG-GCN,7,0.6445274353027344,0.5896525041377422,0.42089468240737915,300
NDVI,random,RF,13,0.650842385210545,0.582576392003529,0.41359817286345774,
NDVI,random,MLP,13,0.6291202306747437,0.6004249170818781,0.42999470233917236,300
NDVI,random,Geo-GCN,13,0.3711928129196167,0.7818093776837229,0.5768814086914062,300
NDVI,random,EGSG-GCN,13,0.6276689767837524,0.6015985156090411,0.4298821985721588,300
NDVI,random,RF,37,0.6624485243451486,0.5949409993893974,0.41948651574764123,
NDVI,random,MLP,37,0.6545127034187317,0.601893891050941,0.43229904770851135,300
NDVI,random,Geo-GCN,37,0.3978784680366516,0.794595299823858,0.5899567008018494,300
NDVI,random,EGSG-GCN,37,0.6438884735107422,0.6110784002301165,0.4344513714313507,300
NDVI,random,RF,61,0.6641848812493623,0.5852149961751802,0.4145536065627458,
NDVI,random,MLP,61,0.6481204032897949,0.5990490360965779,0.4264007806777954,300
NDVI,random,Geo-GCN,61,0.3705512285232544,0.801208419375526,0.6025166511535645,300
NDVI,random,EGSG-GCN,61,0.6397731304168701,0.6061126730419251,0.43332934379577637,300
NDVI,random,RF,73,0.6590766647763603,0.6076401089018107,0.4256343190101235,
NDVI,random,MLP,73,0.6496565341949463,0.6159778522916053,0.4395439922809601,290
NDVI,random,Geo-GCN,73,0.36385393142700195,0.8300351838617229,0.6058511734008789,300
NDVI,random,EGSG-GCN,73,0.6331993341445923,0.6302794397976775,0.4472067952156067,300
NDVI,random,RF,97,0.6687807305049613,0.576144179994814,0.4208731937547389,
NDVI,random,MLP,97,0.6471633315086365,0.5946484093138896,0.4290727376937866,300
NDVI,random,Geo-GCN,97,0.36256563663482666,0.7992656600773461,0.6033329963684082,300
NDVI,random,EGSG-GCN,97,0.6372088193893433,0.6029784147976219,0.4391315281391144,300
NDVI,random,RF,101,0.6479373089629961,0.5745288045825923,0.3967562892033655,
NDVI,random,MLP,101,0.6451961398124695,0.576761131910053,0.40275758504867554,260
NDVI,random,Geo-GCN,101,0.3671727180480957,0.7702725707687221,0.5644158124923706,280
NDVI,random,EGSG-GCN,101,0.6274337768554688,0.5910218706828391,0.4145813584327698,300
NDVI,buffer_30km,RF,42,0.3556488732371339,0.8759602869652574,0.6843238431669211,
NDVI,buffer_30km,MLP,42,0.2558754086494446,0.9413387543474461,0.7170494794845581,270
NDVI,buffer_30km,Geo-GCN,42,-0.06053149700164795,1.1237892947683519,0.8731738328933716,300
NDVI,buffer_30km,EGSG-GCN,42,0.19450396299362183,0.9793880631696068,0.7564993500709534,300
NDVI,buffer_30km,RF,123,0.370335388565605,0.8827516231021241,0.694816875093711,
NDVI,buffer_30km,MLP,123,0.3492853045463562,0.8973857860626344,0.690231204032898,200
NDVI,buffer_30km,Geo-GCN,123,-0.031160354614257812,1.1296580098419762,0.8816576600074768,300
NDVI,buffer_30km,EGSG-GCN,123,0.2084062695503235,0.989771748056456,0.7637819051742554,300
NDVI,buffer_30km,RF,2025,0.34448196597210534,0.8912517364481263,0.6933338598384176,
NDVI,buffer_30km,MLP,2025,0.2668064832687378,0.9425781680003164,0.7233029007911682,300
NDVI,buffer_30km,Geo-GCN,2025,-0.060721635818481445,1.1337277628306597,0.8865138292312622,300
NDVI,buffer_30km,EGSG-GCN,2025,0.1599639654159546,1.0089206960493713,0.7787458300590515,300
NDVI,buffer_30km,RF,7,0.3670063381396762,0.8765884937263558,0.6823775634836472,
NDVI,buffer_30km,MLP,7,0.2881162166595459,0.9296096961539182,0.7098984718322754,300
NDVI,buffer_30km,Geo-GCN,7,-0.10011017322540283,1.1556177214769288,0.894550085067749,300
NDVI,buffer_30km,EGSG-GCN,7,0.19686198234558105,0.9873956021522154,0.7642301917076111,300
NDVI,buffer_30km,RF,13,0.3456728099526629,0.8878893522969248,0.6924420873416393,
NDVI,buffer_30km,MLP,13,0.3018200397491455,0.9171599050916481,0.7051300406455994,300
NDVI,buffer_30km,Geo-GCN,13,-0.04523360729217529,1.1221942882922098,0.8746024966239929,300
NDVI,buffer_30km,EGSG-GCN,13,0.2209070324897766,0.9688488079256838,0.7500414848327637,300
NDVI,buffer_30km,RF,37,0.3653282422515389,0.8827253563409109,0.6865418733262378,
NDVI,buffer_30km,MLP,37,0.33154672384262085,0.9059131259277627,0.694392204284668,300
NDVI,buffer_30km,Geo-GCN,37,-0.021938800811767578,1.1201171875,0.8759148120880127,270
NDVI,buffer_30km,EGSG-GCN,37,0.17069262266159058,1.0090409709373913,0.7789995670318604,300
NDVI,buffer_30km,RF,61,0.3788295496804527,0.8669218121840034,0.6759401688186532,
NDVI,buffer_30km,MLP,61,0.32651060819625854,0.9026926530335556,0.6917122602462769,290
NDVI,buffer_30km,Geo-GCN,61,-0.11699533462524414,1.1625193666054983,0.9148809313774109,300
NDVI,buffer_30km,EGSG-GCN,61,0.19309264421463013,0.9880669402908836,0.7641640305519104,300
NDVI,buffer_30km,RF,73,0.3753914697651273,0.8647213375023594,0.6716458368127456,
NDVI,buffer_30km,MLP,73,0.3140992522239685,0.9061557786565831,0.6910600662231445,260
NDVI,buffer_30km,Geo-GCN,73,-0.03019416332244873,1.1105337941207445,0.8655902743339539,300
NDVI,buffer_30km,EGSG-GCN,73,0.21270626783370972,0.9708242666997201,0.7468860745429993,300
NDVI,buffer_30km,RF,97,0.35907998076732794,0.8801393418360074,0.6889262352512094,
NDVI,buffer_30km,MLP,97,0.2838977575302124,0.9303300384211193,0.7111116051673889,300
NDVI,buffer_30km,Geo-GCN,97,-0.022592782974243164,1.1117340043952175,0.8713627457618713,190
NDVI,buffer_30km,EGSG-GCN,97,0.13534337282180786,1.022283529577424,0.7860513925552368,300
NDVI,buffer_30km,RF,101,0.36681058213847884,0.8816532857247363,0.6853514156161427,
NDVI,buffer_30km,MLP,101,0.3217829465866089,0.9124631991869332,0.7004767656326294,300
NDVI,buffer_30km,Geo-GCN,101,-0.01275789737701416,1.1150229766428437,0.8707696199417114,300
NDVI,buffer_30km,EGSG-GCN,101,0.19119620323181152,0.996443324363161,0.7701677083969116,300
