split,comparison,metric,method_a_mean,method_a_std,method_b_mean,method_b_std,mean_diff,paired_t_pvalue,wilcoxon_pvalue,paired_cohens_d
random,EGSG-GCN vs Geo-GCN,r2,0.4094598054885864,0.022965986521924737,0.3617851912975311,0.018647660707082712,0.04767461419105529,6.003125600017398e-07,0.001953125,3.9070863780746783
random,EGSG-GCN vs RF,r2,0.4094598054885864,0.022965986521924737,0.3640237581401691,0.02304851341428284,0.04543604734841733,3.428458608813627e-06,0.001953125,3.1785582897283855
random,EGSG-GCN vs MLP,r2,0.4094598054885864,0.022965986521924737,0.37810019850730897,0.021314684840506443,0.03135960698127743,1.9398257581290695e-05,0.001953125,2.5718796933241883
random,Geo-GCN vs RF,r2,0.3617851912975311,0.018647660707082712,0.3640237581401691,0.02304851341428284,-0.002238566842637957,0.4915386572926648,0.625,-0.22674759954341783
random,Geo-GCN vs MLP,r2,0.3617851912975311,0.018647660707082712,0.37810019850730897,0.021314684840506443,-0.016315007209777854,0.00046278520162238,0.00390625,-1.6915926068767333
block_50km,EGSG-GCN vs Geo-GCN,r2,0.30475894808769227,0.05594780608151605,0.2573167264461517,0.06828439002408464,0.04744222164154055,1.6374129854537895e-05,0.001953125,2.626694618680452
block_50km,EGSG-GCN vs RF,r2,0.30475894808769227,0.05594780608151605,0.29477278027423715,0.04445536521962176,0.009986167813455127,0.18904504133865035,0.275390625,0.44933660873853765
block_50km,EGSG-GCN vs MLP,r2,0.30475894808769227,0.05594780608151605,0.3204997777938843,0.05084530494698316,-0.015740829706192005,0.13290721772209058,0.10546875,-0.5224393636655851
block_50km,Geo-GCN vs RF,r2,0.2573167264461517,0.06828439002408464,0.29477278027423715,0.04445536521962176,-0.03745605382808542,0.0064415700165001925,0.013671875,-1.1154181658701858
block_50km,Geo-GCN vs MLP,r2,0.2573167264461517,0.06828439002408464,0.3204997777938843,0.05084530494698316,-0.06318305134773256,0.0006317677027276476,0.00390625,-1.6176748564437962
block_100km,EGSG-GCN vs Geo-GCN,r2,0.29182831645011903,0.11232344435492413,0.22567601203918458,0.12268270476925326,0.06615230441093445,3.995593921510534e-05,0.001953125,2.348040338467366
block_100km,EGSG-GCN vs RF,r2,0.29182831645011903,0.11232344435492413,0.28314852676102914,0.12311531741338189,0.00867978968908989,0.3521702093474729,0.375,0.31025734248279324
block_100km,EGSG-GCN vs MLP,r2,0.29182831645011903,0.11232344435492413,0.3112160086631775,0.11455361297669757,-0.01938769221305847,0.05244109334852092,0.064453125,-0.7061299641875397
block_100km,Geo-GCN vs RF,r2,0.22567601203918458,0.12268270476925326,0.28314852676102914,0.12311531741338189,-0.05747251472184456,0.00030978288525738995,0.001953125,-1.7897308439070072
block_100km,Geo-GCN vs MLP,r2,0.22567601203918458,0.12268270476925326,0.3112160086631775,0.11455361297669757,-0.08553999662399292,2.791300225080009e-06,0.001953125,-3.257844627285796
elev_low,EGSG-GCN vs Geo-GCN,r2,-0.572836410999298,0.4769839689846439,-7.052596521377564,3.4186045302779715,6.479760110378265,0.00012598160161015872,0.001953125,2.0223399427115463
elev_low,EGSG-GCN vs RF,r2,-0.572836410999298,0.4769839689846439,-0.08340496148882579,0.06635882999389164,-0.48943144951047224,0.00929543363160621,0.009765625,-1.042149231100355
elev_low,EGSG-GCN vs MLP,r2,-0.572836410999298,0.4769839689846439,0.08364285230636596,0.0756553081060129,-0.656479263305664,0.002315586389161964,0.00390625,-1.3273348305431558
elev_low,Geo-GCN vs RF,r2,-7.052596521377564,3.4186045302779715,-0.08340496148882579,0.06635882999389164,-6.9691915598887375,0.00011459826888978814,0.001953125,-2.0479171967334797
elev_low,Geo-GCN vs MLP,r2,-7.052596521377564,3.4186045302779715,0.08364285230636596,0.0756553081060129,-7.13623937368393,0.0001085121596590838,0.001953125,-2.0627551942518374
elev_mid,EGSG-GCN vs Geo-GCN,r2,0.12246490716934204,0.014270331195965226,0.04053112864494324,0.028166121348093376,0.0819337785243988,1.091739453763624e-05,0.001953125,2.7615689242028605
elev_mid,EGSG-GCN vs RF,r2,0.12246490716934204,0.014270331195965226,0.07500553011604158,0.012685118591963761,0.04745937705330046,1.4740754562482117e-05,0.001953125,2.6611439359647515
elev_mid,EGSG-GCN vs MLP,r2,0.12246490716934204,0.014270331195965226,0.14105082750320436,0.01231819208574667,-0.01858592033386232,0.013959864684168873,0.02734375,-0.9621431148217627
elev_mid,Geo-GCN vs RF,r2,0.04053112864494324,0.028166121348093376,0.07500553011604158,0.012685118591963761,-0.03447440147109834,0.0012523650113090534,0.00390625,-1.4613252067486107
elev_mid,Geo-GCN vs MLP,r2,0.04053112864494324,0.028166121348093376,0.14105082750320436,0.01231819208574667,-0.10051969885826112,3.7535914652755896e-06,0.001953125,-3.144145749887968
block_50km,random vs block_50km (RF),r2,0.3640237581401691,0.02304851341428284,0.29477278027423715,0.04445536521962176,0.06925097786593193,0.0007428879246547833,,1.5799132812234755
block_100km,random vs block_100km (RF),r2,0.3640237581401691,0.02304851341428284,0.28314852676102914,0.12311531741338189,0.08087523137913993,0.0748613046644659,,0.6368358300441664
elev_low,random vs elev_low (RF),r2,0.3640237581401691,0.02304851341428284,-0.08340496148882579,0.06635882999389164,0.4474287196289949,4.459484133731508e-09,,6.854658705273918
elev_mid,random vs elev_mid (RF),r2,0.3640237581401691,0.02304851341428284,0.07500553011604158,0.012685118591963761,0.28901822802412747,4.369508572845164e-11,,11.524025684805043
block_50km,random vs block_50km (MLP),r2,0.37810019850730897,0.021314684840506443,0.3204997777938843,0.05084530494698316,0.057600420713424694,0.003594342861328703,,1.2347323417144815
block_100km,random vs block_100km (MLP),r2,0.37810019850730897,0.021314684840506443,0.3112160086631775,0.11455361297669757,0.06688418984413147,0.1045480255225993,,0.5708134378389773
elev_low,random vs elev_low (MLP),r2,0.37810019850730897,0.021314684840506443,0.08364285230636596,0.0756553081060129,0.294457346200943,4.000116966217401e-07,,4.09675328747415
elev_mid,random vs elev_mid (MLP),r2,0.37810019850730897,0.021314684840506443,0.14105082750320436,0.01231819208574667,0.23704937100410461,5.409097188407658e-12,,14.551651322033562
block_50km,random vs block_50km (Geo-GCN),r2,0.3617851912975311,0.018647660707082712,0.2573167264461517,0.06828439002408464,0.1044684648513794,0.0006714562561061295,,1.6034188812131598
block_100km,random vs block_100km (Geo-GCN),r2,0.3617851912975311,0.018647660707082712,0.22567601203918458,0.12268270476925326,0.13610917925834654,0.007651370655498549,,1.0808857754601886
elev_low,random vs elev_low (Geo-GCN),r2,0.3617851912975311,0.018647660707082712,-7.052596521377564,3.4186045302779715,7.414381712675095,7.480702760326293e-05,,2.1658827614194904
elev_mid,random vs elev_mid (Geo-GCN),r2,0.3617851912975311,0.018647660707082712,0.04053112864494324,0.028166121348093376,0.3212540626525879,1.1876954253394207e-09,,7.957704887563502
block_50km,random vs block_50km (EGSG-GCN),r2,0.4094598054885864,0.022965986521924737,0.30475894808769227,0.05594780608151605,0.10470085740089413,0.00034902337834165153,,1.760227730115801
block_100km,random vs block_100km (EGSG-GCN),r2,0.4094598054885864,0.022965986521924737,0.29182831645011903,0.11232344435492413,0.11763148903846737,0.008315943134875013,,1.0642704985542633
elev_low,random vs elev_low (EGSG-GCN),r2,0.4094598054885864,0.022965986521924737,-0.572836410999298,0.4769839689846439,0.9822962164878845,0.00010858154630201751,,2.0625809585289656
elev_mid,random vs elev_mid (EGSG-GCN),r2,0.4094598054885864,0.022965986521924737,0.12246490716934204,0.014270331195965226,0.28699489831924435,1.0156813660439518e-10,,10.486380919912065
