split,method,seed,r2,rmse,mae,best_epoch
random,RF,42,0.3723936793254813,0.7753404533704843,0.5991766499181003,
random,MLP,42,0.375812828540802,0.7732255818741579,0.5925970673561096,280.0
random,Geo-GCN,42,0.3624246120452881,0.7814740431923575,0.6061261892318726,290.0
random,EGSG-GCN,42,0.4016541838645935,0.7570506326656521,0.579444408416748,300.0
random,RF,123,0.3549007384846572,0.829650554700347,0.6393037121640927,
random,MLP,123,0.38615643978118896,0.8093022729903722,0.6206039786338806,190.0
random,Geo-GCN,123,0.36904627084732056,0.8205039391338815,0.6318215727806091,300.0
random,EGSG-GCN,123,0.42496830224990845,0.7832994282939904,0.6039198040962219,290.0
random,RF,2025,0.3520736903344778,0.8003346661970616,0.6101828533692123,
random,MLP,2025,0.3610435724258423,0.7947754221231448,0.6042510867118835,220.0
random,Geo-GCN,2025,0.3554837703704834,0.7982257539846361,0.6216273307800293,300.0
random,EGSG-GCN,2025,0.38244789838790894,0.7813500149603896,0.5988191366195679,300.0
random,RF,7,0.37549222873999677,0.7801499093642615,0.6106585079860628,
random,MLP,7,0.39131414890289307,0.7702039692467634,0.6024841666221619,300.0
random,Geo-GCN,7,0.3654104471206665,0.7864218991831687,0.6172831654548645,300.0
random,EGSG-GCN,7,0.43080395460128784,0.7448007454129841,0.579304039478302,300.0
random,RF,13,0.3838503641943688,0.8126139100308999,0.6114323127785619,
random,MLP,13,0.4025489091873169,0.8001885430364135,0.6039604544639587,300.0
random,Geo-GCN,13,0.3747853636741638,0.8185698027001409,0.6314244866371155,280.0
random,EGSG-GCN,13,0.4303838014602661,0.781326061360865,0.5945547223091125,300.0
random,RF,37,0.3759109068279096,0.7868415435509563,0.6018557961644633,
random,MLP,37,0.3991853594779968,0.7720301375683148,0.5906951427459717,160.0
random,Geo-GCN,37,0.3765432834625244,0.7864428175517773,0.6097103953361511,300.0
random,EGSG-GCN,37,0.4130052328109741,0.76309939729699,0.5832155346870422,280.0
random,RF,61,0.3894443530821369,0.8089831581362774,0.615120423047505,
random,MLP,61,0.3870500326156616,0.8105678325839162,0.6120883822441101,160.0
random,Geo-GCN,61,0.38891321420669556,0.8093349726732086,0.6260997653007507,270.0
random,EGSG-GCN,61,0.43769371509552,0.7763603162161532,0.5858091115951538,290.0
random,RF,73,0.3576824937680023,0.7907541220982065,0.6137232652718142,
random,MLP,73,0.3709672689437866,0.7825340019248676,0.6043741703033447,300.0
random,Geo-GCN,73,0.34930944442749023,0.7958914727216351,0.6242805123329163,270.0
random,EGSG-GCN,73,0.38683366775512695,0.7726018610712398,0.593964695930481,290.0
random,RF,97,0.30838474442706243,0.8072264981214188,0.62081931617442,
random,MLP,97,0.3293188214302063,0.7949159139273766,0.6069759726524353,270.0
random,Geo-GCN,97,0.32049328088760376,0.8001289874637354,0.6159362196922302,270.0
random,EGSG-GCN,97,0.37120914459228516,0.7696907149327888,0.5883314609527588,300.0
random,RF,101,0.3701043822175972,0.7749238326703926,0.5953217024895535,
random,MLP,101,0.377604603767395,0.7702964812000164,0.5946993827819824,200.0
random,Geo-GCN,101,0.35544222593307495,0.7838909524965088,0.6103724837303162,290.0
random,EGSG-GCN,101,0.41559815406799316,0.746415273680911,0.5764941573143005,300.0
block_50km,RF,42,0.3122155751945128,0.8061891992671337,0.6249415116829401,
block_50km,MLP,42,0.3519531488418579,0.7825534247176892,0.6078013181686401,270.0
block_50km,Geo-GCN,42,0.2970312833786011,0.8150398098987669,0.6294211745262146,250.0
block_50km,EGSG-GCN,42,0.3284236192703247,0.7966334032818331,0.6119517087936401,300.0
block_50km,RF,123,0.26113945624306223,0.8798252010516349,0.68038839057293,
block_50km,MLP,123,0.30348384380340576,0.8542417322684767,0.6500586867332458,270.0
block_50km,Geo-GCN,123,0.20631349086761475,0.9118841902104364,0.7042650580406189,300.0
block_50km,EGSG-GCN,123,0.24442154169082642,0.8897232710919838,0.6785666346549988,300.0
block_50km,RF,2025,0.36648936698774615,0.8116155802055329,0.6093127384863483,
block_50km,MLP,2025,0.3760741949081421,0.8054524461666801,0.590873122215271,270.0
block_50km,Geo-GCN,2025,0.3535382151603699,0.8198696939512168,0.6252279281616211,300.0
block_50km,EGSG-GCN,2025,0.3789218068122864,0.8036122591756435,0.5951027274131775,300.0
block_50km,RF,7,0.3195041535469926,0.9558199740908994,0.7066882670652662,
block_50km,MLP,7,0.3583213686943054,0.9281585366197895,0.6914858222007751,300.0
block_50km,Geo-GCN,7,0.34297633171081543,0.9391909290915462,0.7203387022018433,300.0
block_50km,EGSG-GCN,7,0.3695703148841858,0.9199870222150739,0.7023848295211792,300.0
block_50km,RF,13,0.2632034398634918,0.8551880178205608,0.6641584642303914,
block_50km,MLP,13,0.3025777339935303,0.8320237996658805,0.6364732980728149,290.0
block_50km,Geo-GCN,13,0.19575762748718262,0.8934727365404104,0.6934615969657898,300.0
block_50km,EGSG-GCN,13,0.25929462909698486,0.8574535390094941,0.6541019082069397,300.0
block_50km,RF,37,0.35718987991574247,0.7777660312228749,0.6112150705266242,
block_50km,MLP,37,0.3952658176422119,0.7543794797118012,0.5920760631561279,260.0
block_50km,Geo-GCN,37,0.3252948522567749,0.7968280628817028,0.6180465221405029,260.0
block_50km,EGSG-GCN,37,0.38167059421539307,0.7628120596766031,0.5877760648727417,300.0
block_50km,RF,61,0.30972508647300256,0.8717125048098935,0.6628485165189932,
block_50km,MLP,61,0.3380804657936096,0.8536204398107841,0.6484324932098389,280.0
block_50km,Geo-GCN,61,0.24318063259124756,0.9127636345749027,0.7116553783416748,300.0
block_50km,EGSG-GCN,61,0.2922622561454773,0.8826700618917256,0.6749589443206787,290.0
block_50km,RF,73,0.2419077613964533,0.7517807688126634,0.600203727852314,
block_50km,MLP,73,0.267514705657959,0.738974795470459,0.5871497988700867,270.0
block_50km,Geo-GCN,73,0.177290141582489,0.7831654527693609,0.6339011192321777,300.0
block_50km,EGSG-GCN,73,0.25431758165359497,0.7456021112092871,0.5866778492927551,300.0
block_50km,RF,97,0.2563345835964198,0.7565125635969185,0.6125624798098713,
block_50km,MLP,97,0.26241838932037354,0.753411758407145,0.6043550968170166,300.0
block_50km,Geo-GCN,97,0.17885512113571167,0.79494526896627,0.6504273414611816,270.0
block_50km,EGSG-GCN,97,0.24611389636993408,0.7616934356395576,0.6166917681694031,290.0
block_50km,RF,101,0.26001849952494793,1.0172304885737233,0.7802966441194847,
block_50km,MLP,101,0.24930810928344727,1.0245656791325402,0.7855328917503357,220.0
block_50km,Geo-GCN,101,0.25292956829071045,1.0220913369297855,0.7964954972267151,290.0
block_50km,EGSG-GCN,101,0.29259324073791504,0.9945887247095794,0.7778112292289734,300.0
block_100km,RF,42,0.25699730673530186,0.7485381815387318,0.6072073369552149,
block_100km,MLP,42,0.3403530716896057,0.7053010540575605,0.5486627817153931,290.0
block_100km,Geo-GCN,42,0.25310081243515015,0.7504983676686793,0.589043140411377,300.0
block_100km,EGSG-GCN,42,0.3000030517578125,0.7265522453650916,0.5616312623023987,300.0
block_100km,RF,123,0.34311931474559354,0.7817664940461007,0.6123960724585085,
block_100km,MLP,123,0.37100446224212646,0.7649932512596492,0.5951575636863708,190.0
block_100km,Geo-GCN,123,0.26281219720840454,0.8281764608264526,0.6351757645606995,290.0
block_100km,EGSG-GCN,123,0.3205346465110779,0.7950921778352056,0.6201601624488831,300.0
block_100km,RF,2025,0.1788102621092098,1.1050988042627579,0.8257909933980678,
block_100km,MLP,2025,0.19711840152740479,1.0927104369301757,0.8105840682983398,170.0
block_100km,Geo-GCN,2025,0.13245832920074463,1.1358592136277204,0.8597872257232666,180.0
block_100km,EGSG-GCN,2025,0.20752966403961182,1.0856025234041284,0.8161857724189758,300.0
block_100km,RF,7,0.21564754878986891,1.0745328022932552,0.8133232520229505,
block_100km,MLP,7,0.2233101725578308,1.0692712215541178,0.8008217811584473,110.0
block_100km,Geo-GCN,7,0.13146770000457764,1.1307251213114993,0.8603598475456238,290.0
block_100km,EGSG-GCN,7,0.25279760360717773,1.0487770906389018,0.7939068675041199,170.0
block_100km,RF,13,0.3908507296342709,0.6946987031145987,0.5473831747530808,
block_100km,MLP,13,0.3927558660507202,0.6936114860272755,0.5472449064254761,260.0
block_100km,Geo-GCN,13,0.3206872344017029,0.7336171886855651,0.5796419382095337,300.0
block_100km,EGSG-GCN,13,0.34886473417282104,0.7182410552931418,0.562802791595459,300.0
block_100km,RF,37,0.3462466580473854,0.952163577494551,0.711415815126483,
block_100km,MLP,37,0.3569774627685547,0.9443167494172602,0.6971738934516907,120.0
block_100km,Geo-GCN,37,0.32018721103668213,0.9709553381315952,0.741399884223938,300.0
block_100km,EGSG-GCN,37,0.36817699670791626,0.936057029313344,0.6893875598907471,160.0
block_100km,RF,61,0.26060561738120136,0.6972870430632744,0.5388441195388698,
block_100km,MLP,61,0.2951737642288208,0.6807921848640296,0.5216184854507446,280.0
block_100km,Geo-GCN,61,0.16417288780212402,0.7413644744712455,0.5655165314674377,240.0
block_100km,EGSG-GCN,61,0.2668318748474121,0.6943450154544021,0.5244954228401184,290.0
block_100km,RF,73,0.021033893574558427,0.7417399210398002,0.5907007552240445,
block_100km,MLP,73,0.07561814785003662,0.7207647364469775,0.568790853023529,180.0
block_100km,Geo-GCN,73,-0.024860262870788574,0.7589272627298307,0.6032771468162537,290.0
block_100km,EGSG-GCN,73,0.03424626588821411,0.7367175461242483,0.5851239562034607,300.0
block_100km,RF,97,0.39963152710805705,0.6782481046193177,0.5255993035644713,
block_100km,MLP,97,0.440959095954895,0.6544876276060589,0.49997666478157043,300.0
block_100km,Geo-GCN,97,0.37231212854385376,0.6935080570324984,0.5365016460418701,270.0
block_100km,EGSG-GCN,97,0.41988033056259155,0.6667122427938174,0.503859281539917,300.0
block_100km,RF,101,0.4185424094848439,0.6664493210250224,0.5121666974092879,
block_100km,MLP,101,0.4188896417617798,0.6662503049967857,0.5065795183181763,270.0
block_100km,Geo-GCN,101,0.32442188262939453,0.7183662302209739,0.562600314617157,240.0
block_100km,EGSG-GCN,101,0.3994179964065552,0.6773205903877709,0.5124719142913818,300.0
elev_low,RF,42,-0.15788295452263124,1.2161070661138305,0.9742141561294382,
elev_low,MLP,42,0.10774719715118408,1.0675382090928782,0.8357111811637878,170.0
elev_low,Geo-GCN,42,-3.6978559494018555,2.4495671220729536,2.1328275203704834,120.0
elev_low,EGSG-GCN,42,-0.27893996238708496,1.2780991866436062,1.0330613851547241,240.0
elev_low,RF,123,-0.008617168686898546,1.1258583647869547,0.8966679012795126,
elev_low,MLP,123,0.10119843482971191,1.062802327844025,0.8478735089302063,130.0
elev_low,Geo-GCN,123,-4.748924255371094,2.687904770997827,2.3616268634796143,160.0
elev_low,EGSG-GCN,123,-0.6842784881591797,1.4548812425789035,1.1677830219268799,180.0
elev_low,RF,2025,-0.16508853011431412,1.2181089656295867,0.9755564544013665,
elev_low,MLP,2025,0.146190345287323,1.0427668229554388,0.8166952133178711,200.0
elev_low,Geo-GCN,2025,-10.009156227111816,3.744412646612982,3.312769651412964,260.0
elev_low,EGSG-GCN,2025,-0.42664361000061035,1.3479209308271847,1.0961145162582397,240.0
elev_low,RF,7,-0.039525825178481355,1.1498998913895677,0.918930199331565,
elev_low,MLP,7,0.04392862319946289,1.1027766361171942,0.8779791593551636,220.0
elev_low,Geo-GCN,7,-3.4573869705200195,2.3811270334128056,2.0665295124053955,110.0
elev_low,EGSG-GCN,7,-0.2285696268081665,1.2500928844274113,1.0008255243301392,210.0
elev_low,RF,13,-0.01290336818650295,1.1298379440128539,0.8995430573789251,
elev_low,MLP,13,0.07430464029312134,1.0801055518422367,0.8623208403587341,140.0
elev_low,Geo-GCN,13,-4.1429290771484375,2.5458769919922903,2.2436165809631348,280.0
elev_low,EGSG-GCN,13,0.17330634593963623,1.0207149021711608,0.7935143113136292,290.0
elev_low,RF,37,-0.036425885877387154,1.155574762689358,0.9207285492404215,
elev_low,MLP,37,0.12479239702224731,1.0619021023709467,0.8460546731948853,60.0
elev_low,Geo-GCN,37,-12.252969741821289,4.132239952882485,3.6998112201690674,250.0
elev_low,EGSG-GCN,37,-1.2782464027404785,1.7132837242459975,1.3610936403274536,290.0
elev_low,RF,61,-0.15338420466256442,1.2164240914559075,0.976157268428919,
elev_low,MLP,61,0.16945618391036987,1.032236667608857,0.806439995765686,190.0
elev_low,Geo-GCN,61,-9.977964401245117,3.752830200306044,3.2170536518096924,300.0
elev_low,EGSG-GCN,61,-1.3133752346038818,1.7227451708068167,1.3764996528625488,250.0
elev_low,RF,73,-0.018520382420464943,1.1553253623326643,0.921995287251953,
elev_low,MLP,73,-0.08288931846618652,1.1912734661212743,0.9662817120552063,210.0
elev_low,Geo-GCN,73,-6.114925384521484,3.0535471316895078,2.6904075145721436,270.0
elev_low,EGSG-GCN,73,-0.6200629472732544,1.457086720574034,1.1790931224822998,300.0
elev_low,RF,97,-0.14090942847784582,1.2144608402550288,0.9760201696407006,
elev_low,MLP,97,0.012068867683410645,1.1301114206324185,0.9065782427787781,140.0
elev_low,Geo-GCN,97,-4.902084827423096,2.7622351264839735,2.4678468704223633,210.0
elev_low,EGSG-GCN,97,-0.852975606918335,1.5477213230153646,1.263717770576477,240.0
elev_low,RF,101,-0.10079186676116736,1.2176532699006284,0.9742580452849804,
elev_low,MLP,101,0.13963115215301514,1.0764983801716597,0.8486255407333374,140.0
elev_low,Geo-GCN,101,-11.221768379211426,4.057308694838839,3.5625996589660645,290.0
elev_low,EGSG-GCN,101,-0.21857857704162598,1.2811435562205775,1.039005160331726,260.0
elev_mid,RF,42,0.08603977458320122,0.8640806789272023,0.6874502899970765,
elev_mid,MLP,42,0.15730905532836914,0.8297071278579816,0.6342038512229919,300.0
elev_mid,Geo-GCN,42,0.05243837833404541,0.8798210977637041,0.6862810254096985,230.0
elev_mid,EGSG-GCN,42,0.131705641746521,0.842217254113072,0.6618553996086121,280.0
elev_mid,RF,123,0.0814811441160812,0.8678827011659374,0.6744931913378921,
elev_mid,MLP,123,0.14565515518188477,0.8370156866310469,0.6335638761520386,280.0
elev_mid,Geo-GCN,123,0.06049835681915283,0.877739772262243,0.6795344352722168,300.0
elev_mid,EGSG-GCN,123,0.10551822185516357,0.8564514368723443,0.6699177622795105,300.0
elev_mid,RF,2025,0.0631039867909674,0.8763242774010509,0.6873425766229743,
elev_mid,MLP,2025,0.1480758786201477,0.835640720912872,0.6376270651817322,280.0
elev_mid,Geo-GCN,2025,0.032785654067993164,0.8903904990952334,0.685469925403595,260.0
elev_mid,EGSG-GCN,2025,0.10898023843765259,0.8545998816063582,0.6736889481544495,300.0
elev_mid,RF,7,0.08443918111476933,0.8638084446785577,0.6835622484045759,
elev_mid,MLP,7,0.1432018280029297,0.835628238406358,0.6479812264442444,170.0
elev_mid,Geo-GCN,7,0.08637064695358276,0.8628968293436232,0.672775149345398,190.0
elev_mid,EGSG-GCN,7,0.12242305278778076,0.8457002353398597,0.672228991985321,280.0
elev_mid,RF,13,0.08700971871683827,0.862558667425171,0.6754985021114015,
elev_mid,MLP,13,0.14454108476638794,0.8349397712389361,0.6376499533653259,280.0
elev_mid,Geo-GCN,13,0.025290310382843018,0.8912370151681372,0.68857342004776,300.0
elev_mid,EGSG-GCN,13,0.13722920417785645,0.8385004345409925,0.650750994682312,300.0
elev_mid,RF,37,0.06153710289884906,0.8753193570134886,0.6735098067990979,
elev_mid,MLP,37,0.15175342559814453,0.8321833941551395,0.6418447494506836,190.0
elev_mid,Geo-GCN,37,0.0022479891777038574,0.9025458567796364,0.7001729011535645,300.0
elev_mid,EGSG-GCN,37,0.13626325130462646,0.8397474366785183,0.6563547849655151,300.0
elev_mid,RF,61,0.053815163219345874,0.8780241459063064,0.6842738759934034,
elev_mid,MLP,61,0.13279849290847778,0.8405788664230338,0.637469470500946,290.0
elev_mid,Geo-GCN,61,-0.002095937728881836,0.9035935107354011,0.7070637345314026,290.0
elev_mid,EGSG-GCN,61,0.10604643821716309,0.8534458227879698,0.6721425652503967,300.0
elev_mid,RF,73,0.08831763177261387,0.855452214179359,0.6753508747264693,
elev_mid,MLP,73,0.13930201530456543,0.8311881866991503,0.6372171640396118,270.0
elev_mid,Geo-GCN,73,0.028089940547943115,0.8832568510401506,0.6878045201301575,300.0
elev_mid,EGSG-GCN,73,0.10597163438796997,0.8471291305038264,0.6639795303344727,300.0
elev_mid,RF,97,0.06560229760660463,0.8662526943320126,0.6908716498609215,
elev_mid,MLP,97,0.11292684078216553,0.8440311104884772,0.6418511271476746,110.0
elev_mid,Geo-GCN,97,0.05647987127304077,0.8704709961697342,0.6706167459487915,260.0
elev_mid,EGSG-GCN,97,0.13448745012283325,0.8337107797002418,0.6431237459182739,300.0
elev_mid,RF,101,0.07870930034114487,0.87058476433434,0.6792617766125564,
elev_mid,MLP,101,0.13494449853897095,0.8435964091344371,0.6447680592536926,300.0
elev_mid,Geo-GCN,101,0.06320607662200928,0.8778791741933635,0.6803310513496399,200.0
elev_mid,EGSG-GCN,101,0.13602393865585327,0.8430698973999772,0.663174569606781,300.0
