variant,seed,r2
Geo_full,42,0.3624246120452881
EGSG_full,42,0.4016541838645935
PrunedGeo_r0,42,0.3678739666938782
PrunedGeo_r1,42,0.3683228492736816
PrunedGeo_r2,42,0.3673831224441528
Geo_full,123,0.3690462708473205
EGSG_full,123,0.4249683022499084
PrunedGeo_r0,123,0.3701520562171936
PrunedGeo_r1,123,0.3702617287635803
PrunedGeo_r2,123,0.3699202537536621
Geo_full,2025,0.3554837703704834
EGSG_full,2025,0.3824478983879089
PrunedGeo_r0,2025,0.3561023473739624
PrunedGeo_r1,2025,0.3593392968177795
PrunedGeo_r2,2025,0.3572093248367309
Geo_full,7,0.3654104471206665
EGSG_full,7,0.4308039546012878
PrunedGeo_r0,7,0.3695825338363647
PrunedGeo_r1,7,0.3695443272590637
PrunedGeo_r2,7,0.3678780794143677
Geo_full,13,0.3747853636741638
EGSG_full,13,0.4303838014602661
PrunedGeo_r0,13,0.3737862110137939
PrunedGeo_r1,13,0.3781892657279968
PrunedGeo_r2,13,0.3758284449577331
Geo_full,37,0.3765432834625244
EGSG_full,37,0.4130052328109741
PrunedGeo_r0,37,0.3785412907600403
PrunedGeo_r1,37,0.3772818446159363
PrunedGeo_r2,37,0.3794276118278503
Geo_full,61,0.3889132142066955
EGSG_full,61,0.43769371509552
PrunedGeo_r0,61,0.3927898406982422
PrunedGeo_r1,61,0.3914240598678589
PrunedGeo_r2,61,0.3915570378303528
Geo_full,73,0.3493094444274902
EGSG_full,73,0.3868336677551269
PrunedGeo_r0,73,0.3516258001327514
PrunedGeo_r1,73,0.3539617657661438
PrunedGeo_r2,73,0.3513352870941162
Geo_full,97,0.3204932808876037
EGSG_full,97,0.3712091445922851
PrunedGeo_r0,97,0.3203767538070678
PrunedGeo_r1,97,0.3229660391807556
PrunedGeo_r2,97,0.3206764459609985
Geo_full,101,0.3554422259330749
EGSG_full,101,0.4155981540679931
PrunedGeo_r0,101,0.3564711213111877
PrunedGeo_r1,101,0.3563424944877624
PrunedGeo_r2,101,0.3561559915542602
