task,bin_lo,bin_hi,n_pairs,spearman,MI
AGB,0,50.0,19838,0.4846285755955393,0.13385140115263428
AGB,50,100.0,19169,0.4598240592272215,0.11877222758224276
AGB,100,150.0,18678,0.4625222708499289,0.12035271301931671
AGB,150,200.0,18406,0.45091748256875624,0.11365522043021228
AGB,200,250.0,17557,0.4527347086668346,0.11468690735078178
AGB,250,300.0,16994,0.43678627374854506,0.1058436186842602
AGB,300,400.0,31432,0.41298787297260126,0.09350163941939438
AGB,400,500.0,28698,0.3820463993778848,0.07888830269059008
AGB,500,750.0,58953,0.3346596354361949,0.05939011911835935
AGB,750,1000.0,41100,0.28294552913114734,0.04172242093394496
AGB,1000,1500.0,42851,0.2523315916885408,0.03289430824480806
AGB,1500,2500.0,17302,0.13348202128396247,0.008989045890015736
AGB,2500,inf,922,0.10173619681011603,0.005202095055250745
NDVI,0,50.0,19838,0.7657475170065053,0.44139081752637077
NDVI,50,100.0,19169,0.759410500189572,0.4298421541047801
NDVI,100,150.0,18678,0.733519049017048,0.3861495207877253
NDVI,150,200.0,18406,0.7161973961067207,0.35968265602619953
NDVI,200,250.0,17557,0.6585925504207065,0.2843546333219348
NDVI,250,300.0,16994,0.6202635985282551,0.24284454807911424
NDVI,300,400.0,31432,0.5611276983786492,0.18906917461425488
NDVI,400,500.0,28698,0.46347450971257703,0.1209138981018375
NDVI,500,750.0,58953,0.3330817909718618,0.05879723392403052
NDVI,750,1000.0,41100,0.21146517456323144,0.022874095859220043
NDVI,1000,1500.0,42851,0.16995746051949817,0.014655468750185691
NDVI,1500,2500.0,17302,0.011730199670600622,6.880352586413784e-05
NDVI,2500,inf,922,-0.20595588576368293,-0.0
LST,0,50.0,20917,0.778847833893597,0.46646920479086684
LST,50,100.0,20158,0.7705925380633143,0.4504706444630089
LST,100,150.0,19723,0.7784840164148633,0.4657496030973961
LST,150,200.0,19385,0.7734577072711298,0.45594624035978176
LST,200,250.0,18455,0.7628098424847938,0.4359920348832502
LST,250,300.0,17849,0.762512339886221,0.4354496786196402
LST,300,400.0,33005,0.7491938567009834,0.4119599736111662
LST,400,500.0,30389,0.7386739921466433,0.3944319148221035
LST,500,750.0,62209,0.6728220370567392,0.3013694920697266
LST,750,1000.0,43562,0.5551243152862861,0.1842024540403371
LST,1000,1500.0,46101,0.31638577900134324,0.05273579488776762
LST,1500,2500.0,19074,-0.21112411491840766,-0.0
LST,2500,inf,1073,-0.6105465053580467,-0.0
