split,method,r2_mean,r2_std
random,EGSG-GCN,0.4094598054885864,0.022965986521924747
random,Geo-GCN,0.3617851912975311,0.01864766070708272
buffer_10km,EGSG-GCN,-0.1431867718696594,0.03967022640339284
buffer_10km,Geo-GCN,-0.13404105901718139,0.044666409266989525
buffer_20km,EGSG-GCN,-0.15190682411193843,0.02968399221745359
buffer_20km,Geo-GCN,-0.13528630733489985,0.03350099617588789
buffer_30km,EGSG-GCN,-0.19058381319046017,0.0336782006778342
buffer_30km,Geo-GCN,-0.13669388294219967,0.07503733111634434
buffer_50km,EGSG-GCN,-0.2231987714767456,0.05952957652369626
buffer_50km,Geo-GCN,-0.1402646899223327,0.061629095683538464
buffer_80km,EGSG-GCN,-0.23899435997009272,0.0599870646135245
buffer_80km,Geo-GCN,-0.12196918725967403,0.06345680472472959
