seed,method,r2,rmse,mae,directed_edge_count,unique_undirected_edge_count,isolated_nodes,mean_degree,best_epoch,best_val_loss
42,RF,0.37250372238457574,0.7752724771783748,0.5991692427388746,0,0,0,0.0,0,0.0
42,MLP,0.37581580877304077,0.7732237318148486,0.5926011204719543,0,0,0,0.0,280,0.6584495306015015
42,Geo_kNN,0.36253905296325684,0.7814039078745822,0.6060587167739868,132760,38060,0,10.0,290,0.6900667548179626
42,EGSG_250m,0.4016541838645935,0.7570506326656521,0.579444408416748,121396,35274,6,9.144019282916542,300,0.6289247274398804
123,RF,0.35484894727385463,0.8296838579041677,0.6393022452502775,0,0,0,0.0,0,0.0
123,MLP,0.38635456562042236,0.8091716820286096,0.6205403804779053,0,0,0,0.0,190,0.63039231300354
123,Geo_kNN,0.36884814500808716,0.8206327630610629,0.6319006681442261,132760,38060,0,10.0,300,0.6756137013435364
123,EGSG_250m,0.42490267753601074,0.7833441324368896,0.6037823557853699,121396,35274,6,9.144019282916542,290,0.6051482558250427
2025,RF,0.3521855089525203,0.8002656026504265,0.610187804898065,0,0,0,0.0,0,0.0
2025,MLP,0.36104440689086914,0.7947749346517169,0.6042659878730774,0,0,0,0.0,220,0.625626266002655
2025,Geo_kNN,0.3558051586151123,0.7980267298578965,0.621690571308136,132760,38060,0,10.0,300,0.6366351246833801
2025,EGSG_250m,0.38248002529144287,0.7813296849620752,0.5988702178001404,121396,35274,6,9.144019282916542,300,0.5935763716697693
7,RF,0.3754067352921625,0.7802033077574603,0.6107261823888609,0,0,0,0.0,0,0.0
7,MLP,0.3915344476699829,0.7700645806119044,0.6026266813278198,0,0,0,0.0,300,0.5743008255958557
7,Geo_kNN,0.3654937148094177,0.7863703209006064,0.617466926574707,132760,38060,0,10.0,300,0.6017296314239502
7,EGSG_250m,0.4308396577835083,0.7447773769759578,0.5792019367218018,121396,35274,6,9.144019282916542,300,0.5490741729736328
13,RF,0.3838959019272328,0.8125838805731551,0.6114423858511981,0,0,0,0.0,0,0.0
13,MLP,0.4023934602737427,0.8002926335965398,0.6039873957633972,0,0,0,0.0,300,0.626679003238678
13,Geo_kNN,0.3740953207015991,0.8190213896598036,0.6319544911384583,132760,38060,0,10.0,280,0.6551492214202881
13,EGSG_250m,0.43040066957473755,0.7813145038678824,0.5945485830307007,121396,35274,6,9.144019282916542,300,0.6124577522277832
37,RF,0.37592611841137624,0.7868319542319947,0.6018485403618172,0,0,0,0.0,0,0.0
37,MLP,0.4011237621307373,0.7707837363774663,0.5894609689712524,0,0,0,0.0,200,0.5962494611740112
37,Geo_kNN,0.37651175260543823,0.7864627122230813,0.6097017526626587,132760,38060,0,10.0,300,0.6365112066268921
37,EGSG_250m,0.4147648811340332,0.76195475516824,0.5825175046920776,121396,35274,6,9.144019282916542,300,0.5627282857894897
61,RF,0.3895588096385171,0.8089073274017792,0.6150604543845007,0,0,0,0.0,0,0.0
61,MLP,0.3906499147415161,0.8081840546074103,0.6112395524978638,0,0,0,0.0,190,0.5929783582687378
61,Geo_kNN,0.3890199661254883,0.8092642321697715,0.6260742545127869,132760,38060,0,10.0,270,0.5889058709144592
61,EGSG_250m,0.4379078149795532,0.7762124729146107,0.5856375694274902,121396,35274,6,9.144019282916542,290,0.5572488903999329
73,RF,0.3577750195520666,0.7906971660138034,0.6136345929758329,0,0,0,0.0,0,0.0
73,MLP,0.3715827465057373,0.7821510840491538,0.604026734828949,0,0,0,0.0,300,0.5960478186607361
73,Geo_kNN,0.34848153591156006,0.796397645876522,0.6226475834846497,132760,38060,0,10.0,300,0.6269682049751282
73,EGSG_250m,0.38683420419692993,0.7726015139054159,0.5939780473709106,121396,35274,6,9.144019282916542,290,0.5757215619087219
97,RF,0.30842298438848303,0.8072041817131324,0.6208070974517182,0,0,0,0.0,0,0.0
97,MLP,0.32935333251953125,0.7948954809807348,0.606938362121582,0,0,0,0.0,270,0.5950669050216675
97,Geo_kNN,0.3204752802848816,0.8001395655127039,0.6159917712211609,132760,38060,0,10.0,270,0.6090226769447327
97,EGSG_250m,0.3713071346282959,0.7696306967983707,0.5883113741874695,121396,35274,6,9.144019282916542,300,0.5543690919876099
101,RF,0.3701788625405923,0.7748780169177814,0.5952648115754051,0,0,0,0.0,0,0.0
101,MLP,0.37760239839553833,0.7702978740177978,0.5947007536888123,0,0,0,0.0,200,0.7023761868476868
101,Geo_kNN,0.3553810119628906,0.7839281716797266,0.6104118227958679,132760,38060,0,10.0,290,0.6863886117935181
101,EGSG_250m,0.4155498147010803,0.7464461368207089,0.5764831304550171,121396,35274,6,9.144019282916542,300,0.6709200143814087
