split,method,seed,r2
random,Geo-GCN,42,0.3624246120452881
random,EGSG-GCN,42,0.4016541838645935
random,SoftG-GCN,42,0.4027066230773926
random,ElevGAT-GATv2,42,0.4120150804519653
random,Elev3D-GCN,42,0.3657436966896057
random,Geo-GCN,123,0.3690462708473205
random,EGSG-GCN,123,0.4249683022499084
random,SoftG-GCN,123,0.4081428647041321
random,ElevGAT-GATv2,123,0.4189554452896118
random,Elev3D-GCN,123,0.3750203847885132
random,Geo-GCN,2025,0.3554837703704834
random,EGSG-GCN,2025,0.3824478983879089
random,SoftG-GCN,2025,0.3930482864379883
random,ElevGAT-GATv2,2025,0.363293707370758
random,Elev3D-GCN,2025,0.3568773865699768
random,Geo-GCN,7,0.3654104471206665
random,EGSG-GCN,7,0.4308039546012878
random,SoftG-GCN,7,0.4303513765335083
random,ElevGAT-GATv2,7,0.406650960445404
random,Elev3D-GCN,7,0.3805240392684936
random,Geo-GCN,13,0.3747853636741638
random,EGSG-GCN,13,0.4303838014602661
random,SoftG-GCN,13,0.4192125201225281
random,ElevGAT-GATv2,13,0.448154866695404
random,Elev3D-GCN,13,0.3840258121490478
random,Geo-GCN,37,0.3765432834625244
random,EGSG-GCN,37,0.4130052328109741
random,SoftG-GCN,37,0.4117290377616882
random,ElevGAT-GATv2,37,0.4016432762145996
random,Elev3D-GCN,37,0.3798023462295532
random,Geo-GCN,61,0.3889132142066955
random,EGSG-GCN,61,0.43769371509552
random,SoftG-GCN,61,0.4404526352882385
random,ElevEdge-NNConv,42,0.41912955045700073
random,ElevEdge-NNConv,123,0.44183796644210815
random,ElevEdge-NNConv,2025,0.3991146683692932
random,ElevEdge-NNConv,7,0.4297339916229248
random,ElevEdge-NNConv,13,0.4250631332397461
random,ElevEdge-NNConv,37,0.42039424180984497
random,ElevEdge-NNConv,61,0.42946571111679077
random,ElevGAT-GATv2,61,0.42301684617996216
random,Elev3D-GCN,61,0.3891860246658325
random,Geo-GCN,73,0.34930944442749023
random,EGSG-GCN,73,0.38683366775512695
random,SoftG-GCN,73,0.37468791007995605
random,ElevEdge-NNConv,73,0.4071366786956787
random,ElevGAT-GATv2,73,0.38639312982559204
random,Elev3D-GCN,73,0.3485405445098877
random,Geo-GCN,97,0.32049328088760376
random,EGSG-GCN,97,0.37120914459228516
random,SoftG-GCN,97,0.3632429242134094
random,ElevEdge-NNConv,97,0.36659008264541626
random,ElevGAT-GATv2,97,0.36620891094207764
random,Elev3D-GCN,97,0.3289984464645386
random,Geo-GCN,101,0.35544222593307495
random,EGSG-GCN,101,0.41559815406799316
random,SoftG-GCN,101,0.4131368398666382
random,ElevEdge-NNConv,101,0.43461287021636963
random,ElevGAT-GATv2,101,0.4096146821975708
random,Elev3D-GCN,101,0.3672899603843689
buffer_30km,Geo-GCN,42,-0.10684382915496826
buffer_30km,EGSG-GCN,42,-0.18307256698608398
buffer_30km,SoftG-GCN,42,-0.24732017517089844
buffer_30km,ElevEdge-NNConv,42,-0.010732531547546387
buffer_30km,ElevGAT-GATv2,42,-0.019254684448242188
buffer_30km,Elev3D-GCN,42,-0.13711845874786377
buffer_30km,Geo-GCN,123,-0.15055596828460693
buffer_30km,EGSG-GCN,123,-0.16732001304626465
buffer_30km,SoftG-GCN,123,-0.24161458015441895
buffer_30km,ElevEdge-NNConv,123,-0.08151638507843018
buffer_30km,ElevGAT-GATv2,123,-0.04326355457305908
buffer_30km,Elev3D-GCN,123,-0.17009413242340088
buffer_30km,Geo-GCN,2025,-0.13315629959106445
buffer_30km,EGSG-GCN,2025,-0.24669110774993896
buffer_30km,SoftG-GCN,2025,-0.22721648216247559
buffer_30km,ElevEdge-NNConv,2025,-0.09800255298614502
buffer_30km,ElevGAT-GATv2,2025,-0.1929405927658081
buffer_30km,Elev3D-GCN,2025,-0.2036447525024414
buffer_30km,Geo-GCN,7,-0.10938656330108643
buffer_30km,EGSG-GCN,7,-0.1828233003616333
buffer_30km,SoftG-GCN,7,-0.18575918674468994
buffer_30km,ElevEdge-NNConv,7,-0.15610992908477783
buffer_30km,ElevGAT-GATv2,7,-0.09629499912261963
buffer_30km,Elev3D-GCN,7,-0.08353281021118164
buffer_30km,Geo-GCN,13,-0.12806248664855957
buffer_30km,EGSG-GCN,13,-0.162367582321167
buffer_30km,SoftG-GCN,13,-0.23158597946166992
buffer_30km,ElevEdge-NNConv,13,-0.13313794136047363
buffer_30km,ElevGAT-GATv2,13,-0.0840529203414917
buffer_30km,Elev3D-GCN,13,-0.17724609375
buffer_30km,Geo-GCN,37,-0.2492818832397461
buffer_30km,EGSG-GCN,37,-0.24723517894744873
buffer_30km,SoftG-GCN,37,-0.2560633420944214
buffer_30km,ElevEdge-NNConv,37,-0.11576497554779053
buffer_30km,ElevGAT-GATv2,37,-0.13750982284545898
buffer_30km,Elev3D-GCN,37,-0.21148371696472168
buffer_30km,Geo-GCN,61,-0.10188555717468262
buffer_30km,EGSG-GCN,61,-0.1596618890762329
buffer_30km,SoftG-GCN,61,-0.14590871334075928
buffer_30km,ElevEdge-NNConv,61,-0.28802621364593506
buffer_30km,ElevGAT-GATv2,61,-0.05631136894226074
buffer_30km,Elev3D-GCN,61,-0.13233745098114014
buffer_30km,Geo-GCN,73,-0.2676389217376709
buffer_30km,EGSG-GCN,73,-0.19154703617095947
buffer_30km,SoftG-GCN,73,-0.1996384859085083
buffer_30km,ElevEdge-NNConv,73,-0.12496304512023926
buffer_30km,ElevGAT-GATv2,73,-0.09574592113494873
buffer_30km,Elev3D-GCN,73,-0.22592377662658691
buffer_30km,Geo-GCN,97,-0.005378842353820801
buffer_30km,EGSG-GCN,97,-0.15695977210998535
buffer_30km,SoftG-GCN,97,-0.2098010778427124
buffer_30km,ElevEdge-NNConv,97,-0.06480574607849121
buffer_30km,ElevGAT-GATv2,97,-0.12895214557647705
buffer_30km,Elev3D-GCN,97,-0.11794400215148926
buffer_30km,Geo-GCN,101,-0.11474847793579102
buffer_30km,EGSG-GCN,101,-0.2081596851348877
buffer_30km,SoftG-GCN,101,-0.2014777660369873
buffer_30km,ElevEdge-NNConv,101,-0.15614664554595947
buffer_30km,ElevGAT-GATv2,101,-0.07964324951171875
buffer_30km,Elev3D-GCN,101,-0.24074280261993408
