seed,method,r2,rmse,mae,best_val_r2,source
42,XGBoost_tuned,0.3636943857050039,0.7806954838308382,0.5989137839873615,0.3368983371250024,new
123,XGBoost_tuned,0.351917978277523,0.8315663798140381,0.6316024403015859,0.385875658035581,new
2025,XGBoost_tuned,0.3363658824457756,0.8099779076052975,0.6124175480708516,0.34491284345192286,new
7,XGBoost_tuned,0.3861829419682429,0.773443538338564,0.5999499597995439,0.38050064928359184,new
13,XGBoost_tuned,0.3794579799879788,0.8155052319399683,0.6140298460278399,0.33853300802958874,new
37,XGBoost_tuned,0.40118395800919293,0.7707449688416158,0.5802686371142549,0.37450847445595503,new
61,XGBoost_tuned,0.38279920230565523,0.8133736398718454,0.6146246528986172,0.37908271785637404,new
73,XGBoost_tuned,0.3526105581545008,0.7938700014897415,0.6054020238838781,0.3886072081171672,new
97,XGBoost_tuned,0.2992341759637318,0.8125490449660536,0.619574085726324,0.3652922149756238,new
101,XGBoost_tuned,0.3548530930405477,0.7842491091105472,0.6014955110839673,0.2950783307174403,new
