seed,best_max_depth,best_learning_rate,best_subsample,best_val_r2,test_r2
42,6,0.05,1.0,0.3368983371250024,0.3636943857050039
123,6,0.05,1.0,0.385875658035581,0.351917978277523
2025,6,0.05,0.8,0.34491284345192286,0.3363658824457756
7,4,0.05,0.8,0.38050064928359184,0.3861829419682429
13,6,0.05,1.0,0.33853300802958874,0.3794579799879788
37,4,0.05,0.8,0.37450847445595503,0.40118395800919293
61,4,0.05,1.0,0.37908271785637404,0.38279920230565523
73,4,0.05,0.8,0.3886072081171672,0.3526105581545008
97,4,0.05,1.0,0.3652922149756238,0.2992341759637318
101,4,0.05,0.8,0.2950783307174403,0.3548530930405477
